{
  "Description": "Single class configuration with a simple-ish solution",
  "optimalMargin": 44.94129922042789,
  "optimalContextual": 44.94129922042789,
  "optimalConfig": [1, 2, 0, 1, 0],
  "margins": [
    [1, 2, 10, 16],
    [10, 20, 35, 40],
    [12, 15, 18, 21],
    [3, 8, 15, 21],
    [8, 10, 17, 26]
  ],
  "classes": [{
    "lambda": 0.7,
    "alphas": [0.3, 0.25, 0.15, 0.15, 0.15],
    "conversionRates": [
      [0.7, 0.7, 0.4, 0.2],
      [0.9, 0.8, 0.6, 0.2],
      [0.9, 0.7, 0.5, 0.3],
      [0.8, 0.7, 0.4, 0.3],
      [0.9, 0.65, 0.45, 0.2]
    ],
    "change": {
      "step": 50,
      "conversionRates": [
        [0.95, 0.2, 0.15, 0.15],
        [0.9, 0.9, 0.9, 0.1],
        [0.98, 0.97, 0.95, 0.3],
        [0.8, 0.7, 0.65, 0.64],
        [0.2, 0.2, 0.2, 0.2]
      ]
    },
    "clickProbability": [
      [0, 0.5, 0.6, 0, 0],
      [0, 0, 0.4, 0, 0.2],
      [0, 0, 0, 0.8, 0.7],
      [0.6, 0, 0, 0, 0.5],
      [0, 0.9, 0, 0.3, 0]
    ],
    "secondary": {"0": [1, 2], "1": [2, 4], "2": [3, 4], "3": [4, 0], "4": [1, 3]},
    "unitsShape": [0.75, 1.25, 1.6, 2.1, 0.94],
    "actualUnitsMean": [1.3857, 1.7886, 2.1102, 2.594, 1.527],
    "usersMean": 100,
    "usersVariance": 1,
    "features": [{"name":"Adult","probability":1},{"name":"Male","probability":0}]
  }]

}
