{
    "averageRegrets": [
        4.176877247175417,
        4.180769598924994,
        4.662800199792134,
        4.310670354907347,
        4.640981684119413,
        4.82853866234655,
        3.995657399756392,
        5.057577281855863,
        4.775707407914283,
        5.073694396082685,
        4.655177996609457,
        4.177184488020469,
        4.69256045696325,
        4.067162873787499,
        4.563529113724554,
        4.733073469053364,
        4.349614400495725,
        4.076188109582481,
        4.3968620361462705,
        4.372647286529527,
        4.145721759833337,
        4.310715166059823,
        4.3859268484430425,
        4.665865810079794,
        4.550921036365714,
        4.641124359377242,
        4.628913391597802,
        4.501916833301355,
        4.356932341556483,
        4.253201231770036
    ],
    "averageExpectedRewards": [
        56.57408408847341,
        56.57019173672384,
        56.0881611358567,
        56.44029098074148,
        56.10997965152943,
        55.92242267330229,
        56.75530393589244,
        55.69338405379298,
        55.975253927734556,
        55.67726693956615,
        56.095783339039386,
        56.57377684762837,
        56.058400878685596,
        56.68379846186134,
        56.18743222192428,
        56.01788786659549,
        56.401346935153114,
        56.674773226066364,
        56.35409929950256,
        56.37831404911931,
        56.6052395758155,
        56.440246169589024,
        56.3650344872058,
        56.08509552556905,
        56.200040299283124,
        56.1098369762716,
        56.12204794405103,
        56.24904450234749,
        56.39402899409236,
        56.497760103878804
    ],
    "averageEnvRewards": [
        54.699135836740886,
        54.615409423807236,
        53.291124593940836,
        54.878382112234455,
        54.7036221966479,
        54.22253964497603,
        54.35083008916137,
        54.33249566059657,
        54.330614016158485,
        54.20540932768585,
        54.246214955322905,
        54.45475182641461,
        54.47589730422536,
        55.47137282826152,
        54.47704839024434,
        54.720250751205434,
        54.60511895502847,
        54.752070467974285,
        54.656790985030334,
        54.22021909724243,
        55.10704883874367,
        53.96018316962681,
        55.253844500177536,
        55.022502531459125,
        54.1842758446964,
        54.78430800646817,
        54.00246765904929,
        54.65201187719209,
        55.167859901179135,
        54.35621556598888
    ],
    "averageOptimalReward": 60.750961335648825,
    "time": "2022-07-17_14-57"
}