{
    "averageRegrets": [
        9.053920234907235,
        6.448694032367584,
        5.771450602845266,
        6.359668631077178,
        6.9854235462593275,
        7.598053061412197,
        6.3548371476689045,
        7.651157608515227,
        6.597383111158076,
        6.620750494937692,
        6.596109638810816,
        7.068894282898426,
        8.638206753693284,
        7.327842839319826,
        7.045013134375143,
        8.443942023696772,
        8.589066108497873,
        7.449049052489839,
        9.2315980668254,
        6.406746633556168,
        6.3339618564477504,
        9.34364895667978,
        8.843452607457726,
        8.61932495363046,
        9.640936016184781,
        7.379282573446952,
        7.872933437644631,
        7.559809418728414,
        10.885171913406355,
        8.258748468362251
    ],
    "averageExpectedRewards": [
        99.43317643393688,
        102.03840263647652,
        102.71564606599884,
        102.12742803776692,
        101.50167312258478,
        100.88904360743192,
        102.1322595211752,
        100.83593906032887,
        101.88971355768602,
        101.8663461739064,
        101.89098703003329,
        101.41820238594569,
        99.84888991515082,
        101.15925382952426,
        101.44208353446896,
        100.04315464514733,
        99.89803056034623,
        101.03804761635428,
        99.2554986020187,
        102.08035003528794,
        102.15313481239636,
        99.14344771216433,
        99.64364406138638,
        99.86777171521364,
        98.84616065265931,
        101.10781409539715,
        100.61416323119947,
        100.9272872501157,
        97.60192475543776,
        100.22834820048185
    ],
    "averageEnvRewards": [
        94.2721732356118,
        97.78904638588628,
        96.97358025412613,
        95.41999001729191,
        95.31998392807368,
        95.31956916429372,
        96.6800461186462,
        95.77477198441535,
        96.01719697069893,
        94.6678251982857,
        94.64058077907302,
        94.53060166626688,
        94.68571316266194,
        94.7729326243505,
        94.37318108245789,
        93.5243573008411,
        93.97707580539056,
        95.00287400959445,
        94.08335669132175,
        96.88427408943168,
        95.90140986217064,
        94.10404404526993,
        93.5327010974361,
        93.2660331701652,
        94.43498384940881,
        95.42304202449868,
        95.42188461747668,
        96.09519753540155,
        92.19333226663672,
        94.4122724358132
    ],
    "averageOptimalReward": 108.4870966688441,
    "time": "2022-07-17_14-57"
}