{
    "averageRegrets": [
        0.12441714166666694,
        0.0,
        0.0,
        0.0,
        0.0,
        0.0,
        0.0,
        0.0,
        0.0,
        0.0,
        0.0,
        0.0,
        0.0,
        0.0,
        0.0,
        0.0,
        0.0,
        0.0,
        0.0,
        0.0,
        0.0,
        0.0,
        0.0,
        0.0,
        0.0,
        0.0,
        0.0,
        0.0,
        0.0,
        0.0,
        0.0,
        0.0,
        0.0,
        0.0,
        0.0,
        0.0,
        0.0,
        0.0,
        0.0,
        0.0
    ],
    "averageExpectedRewards": [
        16.710239691666665,
        18.174738283333333,
        18.243889025,
        18.27296743333334,
        18.27395600833334,
        18.284454958333342,
        18.284865241666672,
        18.289311125000005,
        18.291274441666673,
        18.29170976666667,
        18.29216303333334,
        18.28834196666667,
        18.28573515833334,
        18.29237802500001,
        18.299959791666673,
        18.30246088333334,
        18.299971791666675,
        18.301028650000006,
        18.300387291666674,
        18.299233075000007,
        18.303336750000007,
        18.30121423333334,
        18.303159741666672,
        18.30461475833334,
        18.304992533333337,
        18.30363460833334,
        18.306593616666675,
        18.30260970000001,
        18.30220948333334,
        18.301162991666676,
        18.305991341666672,
        18.30667452500001,
        18.306922250000007,
        18.30458519166667,
        18.30633750000001,
        18.30742638333334,
        18.309157316666674,
        18.30479876666667,
        18.307319866666674,
        18.307002766666674
    ],
    "averageEnvRewards": [
        17.159535851094706,
        18.807014102387026,
        18.63084445095797,
        18.51668555498601,
        18.7956258676882,
        18.645151174037302,
        18.666590029219503,
        18.701126677072732,
        18.76040649591412,
        18.561325636017635,
        18.783425010782665,
        19.108115331450904,
        18.75068186533687,
        18.778839687686453,
        18.717905581517048,
        18.870221760273804,
        18.718804916635655,
        18.607725357420716,
        18.64756842513838,
        18.679524470561045,
        18.667148260261634,
        18.85869928147495,
        18.484958135758916,
        18.526783732551895,
        18.70779256513415,
        18.61460398188935,
        18.78328214667752,
        18.688737980763573,
        18.717116879190083,
        18.524809328149402,
        18.70345930154026,
        18.627136951011657,
        18.6991147456188,
        18.746414119599606,
        18.64926984699916,
        18.731269216075788,
        18.693256136001775,
        18.712149575559526,
        18.79257176780573,
        18.513121264742598
    ],
    "averageOptimalReward": 14.37346666666667,
    "time": "2022-07-15_11-25"
}