{
    "averageRegrets": [
        11.747362459708153,
        11.601650619488112,
        11.832034123881567,
        11.279570192598639,
        11.644450310042135,
        11.400160696056586,
        12.139503945751725,
        12.586853245817819,
        11.779438181244323,
        11.313742602438076,
        12.562802470285238,
        10.98880683746299,
        12.421818660239776,
        12.081486426103602,
        11.592761616913949,
        10.030769501894103,
        11.878916164370882,
        11.048331802725478,
        11.315505802369584,
        12.041158831168989,
        10.001065128823072,
        9.917217380192202,
        10.765217988611845,
        10.50526346356725,
        9.742029778580502,
        9.764259930001879,
        10.006361562992538,
        10.053819749231096,
        10.578693430234066,
        10.421993239778743
    ],
    "averageExpectedRewards": [
        96.73973420913596,
        96.88544604935599,
        96.65506254496255,
        97.20752647624546,
        96.84264635880197,
        97.08693597278751,
        96.34759272309238,
        95.90024342302628,
        96.70765848759979,
        97.17335406640603,
        95.92429419855885,
        97.49828983138111,
        96.06527800860431,
        96.40561024274051,
        96.89433505193016,
        98.45632716694999,
        96.60818050447322,
        97.43876486611863,
        97.1715908664745,
        96.4459378376751,
        98.48603154002103,
        98.5698792886519,
        97.72187868023225,
        97.98183320527686,
        98.7450668902636,
        98.72283673884223,
        98.48073510585156,
        98.43327691961301,
        97.90840323861005,
        98.06510342906536
    ],
    "averageEnvRewards": [
        91.85489807121601,
        91.62863130397272,
        91.8684369720099,
        91.43643128243801,
        92.33516482208148,
        91.93385684625005,
        91.17286222681209,
        92.51079867758679,
        91.21666501396032,
        93.6792636014326,
        91.6439239636881,
        92.21457496454437,
        90.2231264673162,
        91.34792335271396,
        91.91768239027772,
        93.24523499909176,
        91.90954083104177,
        92.50903751282628,
        92.37791173625271,
        91.47666626710122,
        93.73714630894558,
        94.70039745163454,
        91.60156742011411,
        92.40339241080491,
        93.43562077994402,
        93.84919168182623,
        94.1327731381606,
        94.04479068040006,
        93.74777266447997,
        93.53560176347669
    ],
    "averageOptimalReward": 108.4870966688441,
    "time": "2022-07-17_14-57"
}