{
    "averageRegrets": [
        12.583473261287985,
        10.73165967029255,
        10.733715589143173,
        10.735740584696082,
        10.67383799936902,
        10.678889469957255,
        10.691697770555216,
        10.669897985727836,
        10.674960485727837,
        10.668348353374903,
        10.667261956316075,
        10.669897985727843,
        10.669897985727843,
        10.675087323963133,
        10.666175559257248,
        10.673041368080781,
        10.666175559257248,
        10.667261956316075,
        10.694180491143456,
        10.667135118080772,
        10.666175559257248,
        10.667261956316075,
        10.66952850043372,
        10.666175559257248,
        10.667135118080772,
        10.667261956316075,
        10.666175559257248,
        10.673041368080781,
        10.675677397492542,
        10.667852029845484,
        10.667135118080772,
        10.667261956316075,
        10.666175559257248,
        10.666175559257248,
        10.666175559257248,
        10.667261956316075,
        10.666175559257248,
        10.666175559257248,
        10.666175559257248,
        10.667261956316075
    ],
    "averageExpectedRewards": [
        48.16748807436085,
        50.01930166535628,
        50.01724574650566,
        50.01522075095275,
        50.07712333627981,
        50.072071865691576,
        50.059263565093616,
        50.081063349920996,
        50.076000849920995,
        50.08261298227393,
        50.08369937933276,
        50.08106334992099,
        50.08106334992099,
        50.0758740116857,
        50.084785776391584,
        50.07791996756805,
        50.084785776391584,
        50.08369937933276,
        50.056780844505376,
        50.08382621756806,
        50.084785776391584,
        50.08369937933276,
        50.08143283521511,
        50.084785776391584,
        50.08382621756806,
        50.08369937933276,
        50.084785776391584,
        50.07791996756805,
        50.07528393815629,
        50.08310930580335,
        50.08382621756806,
        50.08369937933276,
        50.084785776391584,
        50.084785776391584,
        50.084785776391584,
        50.08369937933276,
        50.084785776391584,
        50.084785776391584,
        50.084785776391584,
        50.08369937933276
    ],
    "averageEnvRewards": [
        47.14596587745753,
        48.681621318157816,
        48.713732095815594,
        49.343335462820015,
        49.46122700865298,
        49.84625014599656,
        49.16305239533885,
        49.8130160197198,
        49.648567080427625,
        49.70071754967619,
        49.24151981078203,
        49.43207385886402,
        49.295206354357404,
        49.61134718836704,
        49.49466189871353,
        49.165242531515375,
        49.396901349691035,
        48.77891316319353,
        49.830046167410636,
        49.61694388766827,
        49.610577674456806,
        49.109482114872065,
        48.97432265971364,
        49.45880892595329,
        49.40802959233363,
        49.31081362726719,
        49.21601854648757,
        48.86160507051572,
        49.20172656990212,
        49.00889388247977,
        49.07468483238561,
        49.61230130086675,
        49.4843391955074,
        48.94333744508605,
        49.21394638359936,
        49.07487624034668,
        48.999667455162246,
        49.68941127862061,
        49.26240422127576,
        49.61549796404698
    ],
    "averageOptimalReward": 40.24460567413,
    "time": "2022-07-16_17-04"
}