{
    "averageRegrets": [
        0.760728866749999,
        0.1430888811785712,
        0.07449307660714295,
        0.04021589189285733,
        0.025472522928571554,
        0.03195699246428589,
        0.026689511964285834,
        0.01609228985714293,
        0.01569079175000014,
        0.02123956300000014,
        0.014600510178571523,
        0.0120463345000001,
        0.0153362622500001,
        0.009758945464285795,
        0.011152923928571545,
        0.007885995678571525,
        0.005350656821428674,
        0.010151020928571595,
        0.008289230892857283,
        0.007149073857142985,
        0.004846080821428655,
        0.0080495938214287,
        0.010533046428571526,
        0.004837736214285804,
        0.005117734535714362,
        0.006873642892857186,
        0.006828837892857216,
        0.004456287357142901,
        0.006421998214285764,
        0.006805826000000073,
        0.0024669428571429063,
        0.005043094642857202,
        0.004293176750000059,
        0.0026341883571428903,
        0.004596181142857199,
        0.003027483428571478,
        0.003405042642857179,
        0.0035835911428572054,
        0.0042058592142857785,
        0.004871443357142899
    ],
    "averageExpectedRewards": [
        9.127600847535714,
        9.745240833107141,
        9.81383663767857,
        9.848113822392854,
        9.862857191357142,
        9.856372721821428,
        9.861640202321428,
        9.872237424428569,
        9.872638922535712,
        9.867090151285714,
        9.873729204107143,
        9.876283379785713,
        9.872993452035713,
        9.878570768821428,
        9.877176790357142,
        9.880443718607143,
        9.882979057464286,
        9.878178693357142,
        9.880040483392856,
        9.881180640428571,
        9.883483633464287,
        9.880280120464285,
        9.877796667857144,
        9.883491978071426,
        9.88321197975,
        9.881456071392856,
        9.881500876392856,
        9.883873426928572,
        9.881907716071428,
        9.881523888285713,
        9.88586277142857,
        9.883286619642856,
        9.884036537535714,
        9.88569552592857,
        9.883733533142856,
        9.885302230857143,
        9.884924671642857,
        9.884746123142856,
        9.884123855071428,
        9.883458270928571
    ],
    "averageEnvRewards": [
        9.223575701253559,
        9.716440359573228,
        9.808320092490357,
        9.901482287296295,
        9.82410785360889,
        9.88986986621731,
        10.00079667237671,
        10.025201938542821,
        9.844153948678072,
        9.884220987262005,
        9.899303811775441,
        10.035811629330667,
        9.87160646463531,
        9.983424525411069,
        10.029910214216265,
        10.059100937469276,
        9.960228692474887,
        9.990036309382662,
        9.964389648097205,
        9.93268534286642,
        9.829180213749918,
        10.076442442169983,
        9.953737277843736,
        10.057334991684868,
        9.833529393393727,
        9.881875527097607,
        10.050655929127043,
        10.055556051667478,
        9.954685677120743,
        9.909165567146157,
        9.940405450057005,
        9.96482837044505,
        9.926515814091925,
        9.995473333243234,
        9.88362631702609,
        9.808904622041368,
        10.054890322558705,
        10.099952245505918,
        10.104099547983816,
        9.848120609525997
    ],
    "averageOptimalReward": 9.888329714285714,
    "time": "2022-07-14_20-40"
}