{
    "averageRegrets": [
        5.928151823981428,
        5.869421206020892,
        6.150312398568959,
        5.975648072890132,
        6.263401079664807,
        6.142964785805078,
        5.965051381354529,
        6.234446844325258,
        15.808117741616352,
        6.033427428225716,
        5.980909417390696,
        6.556215228658863,
        6.166905982912541,
        6.280510590262814,
        6.218060125899304,
        6.074997618533195,
        5.928522460856525,
        6.018752578702393,
        6.754375029528518,
        5.991410363278458,
        15.570101596447326,
        15.059089833219048,
        15.291272979080537,
        16.0565307047473,
        15.823626950496672,
        15.681947196760596,
        16.1137142327522,
        15.528566925385936,
        6.866678024201407,
        16.04222825422164
    ],
    "averageExpectedRewards": [
        54.822809511667415,
        54.881540129627936,
        54.600648937079875,
        54.775313262758694,
        54.48756025598403,
        54.60799654984375,
        54.785909954294304,
        54.516514491323576,
        44.94284359403248,
        54.71753390742312,
        54.77005191825814,
        54.19474610698996,
        54.584055352736286,
        54.47045074538601,
        54.53290120974953,
        54.67596371711564,
        54.822438874792304,
        54.732208756946434,
        53.996586306120314,
        54.75955097237037,
        45.1808597392015,
        45.691871502429784,
        45.45968835656829,
        44.694430630901536,
        44.92733438515216,
        45.069014138888235,
        44.63724710289663,
        45.22239441026289,
        53.88428331144743,
        44.708733081427184
    ],
    "averageEnvRewards": [
        53.32154951794293,
        53.30660393881319,
        52.806655796131295,
        53.124496507560224,
        53.30788167618786,
        52.73987789642859,
        53.23631957256329,
        52.70740165419013,
        44.38247438330909,
        52.97567250785997,
        52.69638977450665,
        53.087065426990506,
        53.059551155474956,
        53.32152040953157,
        53.17692336006525,
        52.997165195285625,
        52.75720850378692,
        53.12545090779946,
        52.3613546786073,
        53.841251762768046,
        44.468196187942446,
        45.39069784299945,
        44.76585826125305,
        44.51495156469065,
        44.26624102958203,
        43.863635456439326,
        43.736408966989295,
        44.12427217861048,
        52.78205548355803,
        44.14237306583464
    ],
    "averageOptimalReward": 60.750961335648825,
    "time": "2022-07-17_14-57"
}