{
    "averageRegrets": [
        3.047551518314118,
        8.227340268571794,
        0.29070572640598696,
        0.19376378803670175,
        0.19574137950894824,
        0.12260992619408403,
        0.2577898480125781,
        0.1971322467048266,
        0.15559036685271496,
        0.16000487736437866,
        0.15715527006118166,
        0.17898163056089322,
        0.12208622626750698,
        0.08522130170988713,
        0.06068414471306347,
        0.08105889826436226,
        0.12672899878161029,
        0.1076704075053361,
        0.08923295332824982,
        0.13708182851759074,
        0.12995980246541014,
        0.18259299587354746,
        0.0662149608746499,
        0.15724009976968173,
        0.13021211727790874,
        0.14701698799488594,
        0.050999224212778034,
        0.041270821468330575,
        0.11923937138033298,
        0.07764690621753698,
        0.13493320348600546,
        0.05173060401508568,
        0.1192121689669548,
        0.11636994770656817,
        0.12934112270372972,
        8.763115116570283,
        9.624428037584705,
        8.502033848277362,
        6.945715385448193,
        5.300658216468422
    ],
    "averageExpectedRewards": [
        69.8262906301946,
        64.64650187993693,
        72.58313642210274,
        72.68007836047202,
        72.67810076899977,
        72.75123222231464,
        72.61605230049615,
        72.6767099018039,
        72.71825178165602,
        72.71383727114434,
        72.71668687844755,
        72.69486051794783,
        72.75175592224123,
        72.78862084679884,
        72.81315800379566,
        72.79278325024437,
        72.74711314972711,
        72.7661717410034,
        72.78460919518048,
        72.73676031999113,
        72.74388234604332,
        72.69124915263518,
        72.80762718763408,
        72.71660204873905,
        72.74363003123082,
        72.72682516051384,
        72.82284292429594,
        72.8325713270404,
        72.7546027771284,
        72.79619524229119,
        72.73890894502273,
        72.82211154449365,
        72.75462997954178,
        72.75747220080216,
        72.74450102580501,
        64.11072703193844,
        63.24941411092401,
        64.37180830023136,
        65.92812676306052,
        67.5731839320403
    ],
    "averageEnvRewards": [
        69.46956433786606,
        64.31272377428873,
        70.11141751434275,
        71.73895028920373,
        70.45405287612235,
        71.13668907233264,
        70.72980869441243,
        71.02709695444584,
        70.60824674062532,
        71.90495080541763,
        70.87002478830117,
        70.17519938826297,
        71.92203411279341,
        71.88595745664601,
        71.5823258387319,
        70.86409303790704,
        71.12717690948689,
        71.8736454771846,
        70.97767447542897,
        71.26634708109356,
        71.47933709085244,
        70.61047490780759,
        71.22519007018816,
        71.52387833185072,
        71.91890089123699,
        70.78739052151745,
        71.39889041441674,
        70.8421570432989,
        70.98655703181231,
        72.30399774427755,
        71.72778002386735,
        71.50381810186961,
        72.30616880555088,
        72.24745224115928,
        72.03764693758218,
        62.233125288456705,
        61.92090946432014,
        62.2272136138243,
        65.0709774923969,
        65.72925352914153
    ],
    "averageOptimalReward": 72.87384214850874,
    "time": "2022-07-14_20-40"
}