{
    "averageRegrets": [
        1.538962685542445,
        0.09944516816798966,
        0.019163301423402074,
        0.025160842648208403,
        0.0,
        0.0,
        0.043001832825209724,
        0.0,
        0.012201362075403104,
        0.0,
        0.0,
        0.0,
        0.01035707166312612,
        0.0,
        0.0,
        0.02078665614844539,
        0.0,
        0.0,
        0.0,
        0.0,
        0.0,
        0.0,
        0.0,
        0.0,
        0.0,
        0.0,
        0.0,
        0.0,
        0.0,
        0.0,
        0.0,
        0.0,
        0.002795889758862451,
        0.0,
        0.014119899987105562,
        0.0,
        0.0,
        0.0,
        0.0,
        0.0
    ],
    "averageExpectedRewards": [
        99.36089821255102,
        104.04078124643341,
        104.3773305329648,
        105.07407454377288,
        105.92247070140266,
        105.99495258383187,
        106.20676465064797,
        105.9026893695401,
        105.90418430826304,
        105.71008153282857,
        106.01920745560165,
        105.92522722758473,
        106.02449633602092,
        106.29352589017371,
        105.67451160971214,
        105.78650787607748,
        106.48570832259826,
        106.43081227566725,
        106.2174796167756,
        106.34532672310678,
        106.1613314932723,
        106.69933484436129,
        105.72902043587084,
        106.27741541935092,
        106.41996573040689,
        105.49668449371268,
        106.1140512215185,
        106.75631274207969,
        106.79136412165246,
        106.21715373739528,
        106.70805540181549,
        106.39546464543925,
        106.44637458193966,
        106.78557405006988,
        106.28260610080245,
        106.40472032014388,
        106.18003506645168,
        106.08410340914382,
        106.69647547816035,
        105.39608075751043
    ],
    "averageEnvRewards": [
        94.09497603679405,
        97.45531874909906,
        99.50046074130714,
        99.5597600567494,
        100.39498909856299,
        99.22053357650053,
        100.35796235909504,
        98.45390288271872,
        98.91280352326402,
        98.6728827468965,
        98.8098271437642,
        100.31543236354808,
        99.60116287815151,
        100.73992351706622,
        99.76872999880575,
        100.25441324679,
        100.46013161752235,
        99.86913756681807,
        100.68036762714597,
        100.00180304866258,
        99.69583582725645,
        101.33641051455693,
        99.67080497849544,
        99.23945883979044,
        99.08838589333197,
        99.3496239561719,
        99.91438323997032,
        100.35585083194651,
        100.4373517385433,
        100.33261462811271,
        101.84023580046505,
        100.89972117030429,
        100.36252856922263,
        100.72393076109016,
        99.58924009499053,
        99.90754767526141,
        99.48187528561846,
        99.21818226063243,
        100.54936819586426,
        98.90495271036966
    ],
    "averageOptimalReward": 93.79332961417346,
    "time": "2022-07-16_16-09"
}