{
    "averageRegrets": [
        0.46982763785474413,
        0.0017280110423148187,
        0.0,
        0.0,
        0.0,
        0.0,
        0.0,
        0.0,
        0.0,
        0.0,
        0.2523010702878622,
        0.0,
        0.0,
        0.0,
        0.0,
        0.0,
        0.0,
        0.0,
        0.0,
        0.0,
        0.21840137586152342,
        0.0,
        0.0,
        0.0,
        0.0,
        0.0,
        0.0,
        0.0,
        0.0,
        0.0,
        0.23602864351505054,
        0.0,
        0.0,
        0.0,
        0.0,
        0.0,
        0.0,
        0.0,
        0.0,
        0.0
    ],
    "averageExpectedRewards": [
        46.06952215493788,
        49.29996917462036,
        49.580332426776934,
        49.85899126268371,
        49.83290133495367,
        49.90618783397506,
        49.932130794552066,
        49.95302566225924,
        49.90020169257319,
        49.86838838858928,
        56.037182679456635,
        60.22037908712429,
        60.487979680836,
        60.54956776130881,
        60.60686553755642,
        60.634269694272426,
        60.6903360241063,
        60.6391184502962,
        60.67819114602069,
        60.683292207375295,
        56.042871948258565,
        60.20717588943573,
        60.46702522340798,
        60.583137542494754,
        60.63141886774176,
        60.61399440620699,
        60.680982279871344,
        60.683618761766574,
        60.65334977095264,
        60.687220224681525,
        56.11114125887643,
        60.34153547274504,
        60.45512378200939,
        60.5702862075826,
        60.60648226705081,
        60.513832037462016,
        60.654166614388615,
        60.68690241155644,
        60.67919981511931,
        60.72031066269308
    ],
    "averageEnvRewards": [
        45.363593773539975,
        48.477138298433964,
        48.556539844070606,
        48.94570084447177,
        48.838428469184436,
        48.916185108141065,
        49.690575457288105,
        49.30587417752202,
        48.98602114459401,
        48.8609147787488,
        54.37680778789678,
        58.37608260835484,
        58.33515339979895,
        58.466967657765174,
        57.7891059129938,
        58.67910508178013,
        58.55417988843079,
        58.251780649913464,
        58.751732514585626,
        58.07810697728048,
        54.606254279417975,
        57.79808462117404,
        58.062619134008195,
        58.35901633456096,
        58.255601101450154,
        58.97315020983897,
        58.876281795878405,
        58.84898391637852,
        58.617539667709806,
        58.25069048233694,
        54.26469207458112,
        57.92396957972969,
        58.20994515111317,
        58.268791611396885,
        57.96384118163009,
        58.28995404988972,
        58.6604520067892,
        58.779711184230564,
        58.549647766131756,
        58.815315536793385
    ],
    "averageOptimalReward": 40.24460567413,
    "time": "2022-07-17_07-56"
}