{
    "averageRegrets": [
        1.1203734095410294,
        0.0,
        0.0,
        0.0,
        0.0,
        0.0,
        0.0,
        0.0,
        0.0,
        0.0,
        0.0,
        0.0,
        0.0,
        0.0,
        0.0,
        0.0,
        0.0,
        0.012152196702254123,
        0.0,
        0.0,
        0.0,
        0.0,
        0.0,
        0.0,
        0.0,
        0.0,
        0.0,
        0.0,
        0.0,
        0.0,
        0.0,
        0.0,
        0.0,
        0.0,
        0.0,
        0.0,
        0.0,
        0.0,
        0.0,
        0.0
    ],
    "averageExpectedRewards": [
        102.71960132116936,
        105.15323359266051,
        106.43444114297765,
        106.50225583716455,
        106.53245002743493,
        106.75389280944609,
        106.74374955002669,
        106.79896720799071,
        106.75830480799476,
        106.78330108036626,
        106.77767275575525,
        106.76834643565967,
        106.81065820427368,
        106.80902119957842,
        106.86916830498267,
        106.86178513007172,
        106.85027592239425,
        106.8007456738982,
        106.87451388229847,
        106.848940624043,
        106.8468033844747,
        106.85339879051881,
        106.87196585191879,
        106.84514705789215,
        106.85431232907494,
        106.8448503200655,
        106.82172536796186,
        106.86289848486085,
        106.84363865651105,
        106.86641476180992,
        106.83662860522884,
        106.89176010125901,
        106.87933551944442,
        106.88755007125008,
        106.8501852889627,
        106.86992606495434,
        106.86355219903308,
        106.84825268775876,
        106.8583530312501,
        106.8571388104833
    ],
    "averageEnvRewards": [
        95.8744907813341,
        98.28089042071824,
        100.58514076168916,
        101.23446758409847,
        101.37572795296259,
        99.87452178883737,
        100.54622384019072,
        101.00648942085512,
        100.15755093760748,
        101.92346655111398,
        100.09845129558634,
        100.8074950759239,
        100.2257146959982,
        101.75676319234522,
        100.6917729753587,
        100.26683016488666,
        101.14268781348582,
        100.93215065209787,
        100.24482548192346,
        100.8329856432428,
        101.06245980712949,
        101.87340714964947,
        99.78026291366146,
        100.7851587014259,
        102.09752965853973,
        100.59543692924986,
        101.0876027547642,
        101.0211452766291,
        100.95041879791879,
        101.38742897517345,
        100.54075166513229,
        101.06206837922272,
        101.16848802415895,
        100.55339418650809,
        100.92260620334406,
        100.38887574591573,
        100.91153922922095,
        100.2395855469231,
        100.1305754308854,
        101.03874240937341
    ],
    "averageOptimalReward": 93.79332961417346,
    "time": "2022-07-16_17-03"
}