{
    "averageRegrets": [
        1.9454378688564782,
        2.041931186937189,
        2.7648285253642566,
        1.9626899711442192,
        2.048377563752165,
        2.3490197280185523,
        2.106589127588913,
        1.8732408081404168,
        2.139638036386466,
        2.2514560808622606,
        2.307673423630399,
        2.140524560313958,
        2.2511066674742297,
        2.2855602097053005,
        2.8600462452482134,
        1.9994166392375745,
        2.204643371849835,
        2.148677515427279,
        2.3926658630846975,
        2.1569989954599404,
        2.242323887406391,
        2.292852281137913,
        2.273178417261105,
        2.075083670337108,
        2.2902251467173484,
        1.972613955726355,
        2.25317724065752,
        2.1599206955896064,
        2.060330706477189,
        2.3989242458876108,
        2.1692757864300027,
        2.055969890310722,
        2.0272640076013473,
        2.155339561437903,
        2.0394250230508146,
        2.2293897372369873,
        2.192326090675088,
        2.0736164181347347,
        2.3302422044314595,
        2.351132104358555
    ],
    "averageExpectedRewards": [
        59.52785948144148,
        59.431366163360764,
        58.708468824933696,
        59.510607379153726,
        59.4249197865458,
        59.12427762227941,
        59.366708222709036,
        59.600056542157546,
        59.33365931391148,
        59.2218412694357,
        59.16562392666756,
        59.33277278998399,
        59.22219068282373,
        59.18773714059265,
        58.61325110504975,
        59.473880711060374,
        59.26865397844812,
        59.324619834870674,
        59.08063148721325,
        59.31629835483802,
        59.23097346289157,
        59.180445069160044,
        59.20011893303685,
        59.39821367996085,
        59.18307220358059,
        59.50068339457161,
        59.220120109640426,
        59.31337665470836,
        59.412966643820766,
        59.07437310441035,
        59.304021563867956,
        59.41732745998723,
        59.44603334269661,
        59.31795778886004,
        59.43387232724714,
        59.24390761306096,
        59.28097125962287,
        59.39968093216322,
        59.14305514586649,
        59.12216524593941
    ],
    "averageEnvRewards": [
        58.56491789367507,
        58.261971090706574,
        57.94093699160823,
        58.878179803906015,
        58.45452985445977,
        58.473342296017435,
        58.360434413915776,
        58.08447190864389,
        58.476815842406594,
        57.74299538612663,
        58.30235845164247,
        58.33943389293436,
        58.79193912280311,
        58.10737449618202,
        58.201688034803226,
        58.47521571861482,
        58.184254629143055,
        58.48138105830574,
        58.42709034107673,
        58.36094704766749,
        58.0842572433231,
        58.341143400307594,
        58.0329273681663,
        57.69139257214593,
        57.83669344951273,
        58.5058266113538,
        58.44173550894892,
        57.244977914889475,
        58.988194737209284,
        58.29290241493302,
        58.89881846871212,
        58.30578807475752,
        58.38546123814896,
        58.32421374635878,
        58.1349819518721,
        58.66464768157413,
        58.55219496412578,
        58.51131150633456,
        58.02341418745338,
        58.7042787739627
    ],
    "averageOptimalReward": 61.47329735029796,
    "time": "2022-07-14_15-41"
}