{
    "averageRegrets": [
        2.362012738183006,
        2.4204286809727047,
        1.941300205572495,
        2.2060219264560432,
        2.2903333458384845,
        2.6208674970542516,
        2.1690329907166377,
        2.1088539970518583,
        2.266889088739965,
        1.9240433097921121,
        2.170455476891585,
        2.489702338844213,
        2.093392881997226,
        1.9790335117818307,
        2.0258222330043254,
        1.924132649944244,
        2.233227293675801,
        2.226661744000958,
        2.460845819134928,
        2.0547386416727496,
        2.1985304478019985,
        2.352685798040376,
        2.36194714661074,
        2.3059067701375415,
        2.1976313812756616,
        2.44125643018227,
        2.0265241534753544,
        2.4756580073312167,
        2.09918601829669,
        2.3151007004990185,
        2.4633324982462383,
        2.188839297859833,
        2.4977433640943287,
        2.1700477192262158,
        2.4724380614406494,
        2.378165077357177,
        1.9593148546767525,
        2.039349196416921,
        2.3547419708164976,
        2.2629480237557718
    ],
    "averageExpectedRewards": [
        46.18702927293203,
        46.128613330142336,
        46.60774180554254,
        46.343020084659,
        46.25870866527655,
        45.92817451406079,
        46.38000902039839,
        46.44018801406318,
        46.28215292237507,
        46.62499870132293,
        46.37858653422345,
        46.05933967227082,
        46.45564912911781,
        46.5700084993332,
        46.523219778110715,
        46.62490936117079,
        46.315814717439224,
        46.32238026711408,
        46.0881961919801,
        46.49430336944228,
        46.35051156331304,
        46.19635621307466,
        46.1870948645043,
        46.2431352409775,
        46.35141062983937,
        46.10778558093277,
        46.522517857639684,
        46.07338400378382,
        46.44985599281835,
        46.23394131061602,
        46.085709512868796,
        46.360202713255205,
        46.0512986470207,
        46.37899429188883,
        46.07660394967439,
        46.17087693375786,
        46.589727156438286,
        46.50969281469812,
        46.19430004029854,
        46.286093987359266
    ],
    "averageEnvRewards": [
        44.46806752715128,
        45.03446934763451,
        44.540614703859845,
        44.73204399710159,
        44.63323192805063,
        44.289233162002375,
        45.01140072110401,
        44.660554351636094,
        44.34429083022363,
        45.22215928821135,
        44.976726857637274,
        44.56345476399892,
        45.06241747851653,
        45.62818230153746,
        44.77567022788769,
        45.262290358012066,
        44.91650091221514,
        45.219526774516034,
        44.51228482114997,
        45.149020861065075,
        45.41776828797239,
        44.56852105487971,
        45.02475920097895,
        45.01355463802123,
        45.264548447630766,
        44.46149022248441,
        45.02992678803419,
        44.588451739916245,
        45.12879488894614,
        44.47813987689992,
        44.555544423862486,
        45.13194595295853,
        44.48240227205444,
        44.689627374117606,
        44.39794409365846,
        44.90964553711956,
        44.86101837716024,
        44.24556803023318,
        44.538917783365775,
        44.52317100463503
    ],
    "averageOptimalReward": 48.549042011115034,
    "time": "2022-07-14_15-41"
}