{
    "averageRegrets": [
        5.84050258208257,
        6.083398603935838,
        5.6998579036091765,
        6.489735176472188,
        6.193389571276777,
        6.864123015044112,
        5.551728728215926,
        5.500831447646106,
        5.812409159298181,
        6.150204291547659,
        5.488188480490749,
        6.084214020722032,
        5.754058614540313,
        5.519780234440328,
        5.856289078611439,
        6.147261598978462,
        5.633619260950581,
        6.024821819538963,
        6.084016131533696,
        6.045157761751005,
        5.947916995906695,
        5.647275862778323,
        6.13768007499206,
        6.04957530026571,
        5.860445184100605,
        5.767223995881902,
        5.810075665584821,
        6.266825829149222,
        5.976699155740148,
        6.379080240944196
    ],
    "averageExpectedRewards": [
        54.845556762031094,
        54.60266074017783,
        54.986201440504495,
        54.19632416764149,
        54.49266977283689,
        53.82193632906955,
        55.134330615897746,
        55.18522789646756,
        54.87365018481549,
        54.53585505256601,
        55.19787086362291,
        54.60184532339164,
        54.93200072957335,
        55.16627910967334,
        54.829770265502226,
        54.53879774513521,
        55.05244008316309,
        54.6612375245747,
        54.60204321257997,
        54.640901582362666,
        54.738142348206964,
        55.038783481335344,
        54.54837926912162,
        54.63648404384796,
        54.82561416001307,
        54.91883534823177,
        54.87598367852884,
        54.419233514964446,
        54.709360188373516,
        54.30697910316947
    ],
    "averageEnvRewards": [
        54.41203561800051,
        53.92844125556908,
        54.79095152795936,
        52.92608316391777,
        53.026139194543084,
        52.50502437413921,
        53.538673571672525,
        53.45158508448968,
        53.92542710696601,
        53.639461345120104,
        53.88213947602823,
        53.993202014487316,
        53.202484308500324,
        54.38242067822861,
        54.27273345151696,
        53.56703740167592,
        54.08940222548813,
        53.56348424736932,
        53.42465795614005,
        53.58844536898817,
        53.568768697302914,
        54.75992597779645,
        53.22815778522055,
        53.92796935149154,
        54.506935455992135,
        54.854828184889506,
        54.091009391048615,
        54.54107653606372,
        53.57279250714584,
        52.355683639533936
    ],
    "averageOptimalReward": 60.68605934411367,
    "time": "2022-07-17_15-41"
}