{
    "averageRegrets": [
        5.6760383917015,
        6.214953422981929,
        6.64869682551778,
        6.776466132549163,
        6.6105718975387795,
        6.746469756000534,
        7.060095611418218,
        6.809517010097028,
        7.082123146206651,
        6.968568342522838,
        6.7344083768453125,
        6.900517152756361,
        6.721135009195613,
        7.069962696833265,
        7.025113124552652,
        7.292623981251093,
        7.043474499617388,
        6.822154325455568,
        7.138140785347045,
        7.224256574649901,
        7.349951275196686,
        6.950234708616046,
        6.883800410725795,
        7.5077185514077085,
        7.065554507347863,
        7.252527234658206,
        6.91879033962245,
        7.404079494844003,
        7.031992653885457,
        7.2050575755785005,
        7.290478444975738,
        7.059838455081257,
        7.386635039224721,
        7.122165154227284,
        6.893174786658925,
        7.167493465622683,
        7.564436999388233,
        7.073111004788586,
        7.267639888284544,
        7.407010249589903
    ],
    "averageExpectedRewards": [
        45.38692669946682,
        44.84801166818639,
        44.41426826565054,
        44.286498958619156,
        44.45239319362954,
        44.31649533516779,
        44.0028694797501,
        44.25344808107129,
        43.98084194496167,
        44.09439674864549,
        44.328556714323014,
        44.16244793841196,
        44.34183008197271,
        43.99300239433505,
        44.03785196661567,
        43.770341109917226,
        44.01949059155094,
        44.24081076571275,
        43.924824305821275,
        43.838708516518416,
        43.713013815971635,
        44.11273038255227,
        44.179164680442526,
        43.55524653976061,
        43.99741058382047,
        43.81043785651011,
        44.14417475154587,
        43.65888559632432,
        44.03097243728287,
        43.85790751558982,
        43.77248664619258,
        44.00312663608706,
        43.67633005194361,
        43.94079993694104,
        44.1697903045094,
        43.89547162554563,
        43.49852809178009,
        43.98985408637974,
        43.79532520288378,
        43.65595484157842
    ],
    "averageEnvRewards": [
        43.56024445130092,
        43.856113473664955,
        43.64330234112156,
        43.450373170870954,
        43.386824061515014,
        43.81751207059247,
        43.02145727388486,
        43.10289370659612,
        42.813057559152405,
        43.085907064413696,
        42.974481421357524,
        43.03930851301913,
        43.33816219545879,
        42.96731339901181,
        42.90900389308794,
        42.01234069143091,
        42.938619566246786,
        43.03682554638811,
        42.77495091308397,
        42.753164966061185,
        42.50509253932266,
        42.78078329412867,
        43.18038480318899,
        42.40685112784197,
        42.85762351021338,
        42.62973652484486,
        42.96045174081282,
        42.14253943080821,
        42.8841439856332,
        42.40561462354921,
        42.29823872750648,
        42.97301011105759,
        42.78839870770089,
        42.359446722477784,
        43.26883200547365,
        42.898636247384275,
        41.7179382177111,
        42.274982641395326,
        42.250955108178495,
        42.537690742167015
    ],
    "averageOptimalReward": 51.06296509116834,
    "time": "2022-07-14_17-08"
}