{
    "averageRegrets": [
        6.08491751362028,
        6.9043954359383575,
        7.0961615236716975,
        6.809129840340428,
        6.741397003864778,
        7.230609956453818,
        6.946156486040399,
        6.761773725338417,
        7.114830442649427,
        7.410019699465578,
        7.121570636281906,
        7.198085644349592,
        7.153105812068779,
        7.268404628823653,
        7.257955259958497,
        7.095809179521868,
        7.309754776494021,
        7.157640266212556,
        7.27279491605635,
        7.510573973454081,
        7.27956735412992,
        7.47042532514051,
        7.4526888992457865,
        6.9147502889858625,
        7.4941851555455905,
        7.349468846913042,
        7.708336295535097,
        7.244247987458145,
        7.439919337719048,
        7.86101457768623,
        7.497036843407395,
        7.773421992127288,
        7.225883315511607,
        7.289635908901468,
        6.8592393898059365,
        7.218952826787603,
        7.41651620967977,
        7.106244818473467,
        7.156913054732836,
        7.39236893987347
    ],
    "averageExpectedRewards": [
        55.38837983667768,
        54.56890191435959,
        54.377135826626265,
        54.66416750995752,
        54.73190034643318,
        54.242687393844136,
        54.527140864257554,
        54.71152362495954,
        54.35846690764853,
        54.06327765083237,
        54.35172671401606,
        54.275211705948365,
        54.320191538229174,
        54.20489272147431,
        54.215342090339455,
        54.37748817077609,
        54.163542573803944,
        54.315657084085395,
        54.200502434241606,
        53.96272337684387,
        54.19372999616804,
        54.00287202515745,
        54.02060845105217,
        54.55854706131209,
        53.97911219475236,
        54.12382850338492,
        53.764961054762864,
        54.22904936283982,
        54.03337801257891,
        53.61228277261173,
        53.976260506890554,
        53.699875358170665,
        54.24741403478635,
        54.18366144139649,
        54.61405796049202,
        54.254344523510355,
        54.056781140618185,
        54.367052531824484,
        54.316384295565115,
        54.08092841042449
    ],
    "averageEnvRewards": [
        54.21063230109663,
        54.16670203127861,
        53.43792163631782,
        53.681520748618055,
        53.79463667858003,
        53.88497518709602,
        54.21310807631962,
        53.27405077627445,
        53.31617447581819,
        53.584180607629776,
        53.3020485249306,
        53.658499594808525,
        53.55991113578259,
        53.709260577334064,
        53.45337032701683,
        53.25227654475783,
        53.50643266542647,
        53.3776032218105,
        53.47958405173898,
        53.3289013297164,
        53.419333352393075,
        53.61760018076959,
        53.225913905101834,
        54.4949296788448,
        53.35006873144406,
        53.483320460589724,
        52.359287475969616,
        53.43612334484535,
        54.06167353406434,
        52.77901421164835,
        53.088464490816875,
        53.36606986247043,
        52.78048721206026,
        53.93332001765445,
        54.121248294836136,
        53.758987085399006,
        53.10707658598858,
        54.12767424163213,
        53.655292611286,
        53.399577693905094
    ],
    "averageOptimalReward": 61.47329735029796,
    "time": "2022-07-14_17-08"
}