{
    "averageRegrets": [
        5.474182599485832,
        5.338129273034812,
        5.491813787881159,
        5.373149121649339,
        5.564525029883884,
        5.521050060364671,
        5.640723711788638,
        5.290718476261126,
        5.455380287962337,
        5.625919017607515,
        5.358067063246981,
        5.6679200873493905,
        5.459968589817584,
        5.4869150597582905,
        5.618395568114023,
        5.3888575533718575,
        5.413744652836182,
        5.522745531056787,
        5.327169897673269,
        5.322799972769179,
        5.295104591982659,
        5.763396815707151,
        5.392076472664218,
        5.41940924344098,
        5.5598972720947355,
        5.459573942216726,
        5.713007360200524,
        5.340549479218207,
        5.404901472304006,
        5.6803417986807725
    ],
    "averageExpectedRewards": [
        40.57719132576887,
        40.7132446522199,
        40.559560137373545,
        40.67822480360537,
        40.48684889537082,
        40.530323864890036,
        40.41065021346607,
        40.76065544899358,
        40.59599363729237,
        40.425454907647186,
        40.693306862007724,
        40.383453837905314,
        40.59140533543712,
        40.56445886549642,
        40.43297835714068,
        40.662516371882845,
        40.63762927241852,
        40.528628394197916,
        40.724204027581436,
        40.72857395248553,
        40.75626933327205,
        40.28797710954755,
        40.659297452590486,
        40.63196468181372,
        40.491476653159964,
        40.59179998303797,
        40.33836656505418,
        40.7108244460365,
        40.646472452950704,
        40.37103212657393
    ],
    "averageEnvRewards": [
        39.52527945316651,
        39.36137156253289,
        39.57546666149876,
        39.81756089114612,
        38.99154851863637,
        39.614042243950166,
        39.25405101971602,
        39.17771552596432,
        38.93722782163208,
        39.429337305730876,
        39.521154265433424,
        39.269086217503734,
        39.154388361904395,
        39.470859706486856,
        39.44446207442943,
        39.41248736409214,
        39.698381016723275,
        38.979309468093085,
        39.381130289644695,
        39.83649375628173,
        39.6467168333329,
        39.41640080233822,
        39.32462001720244,
        39.08894491781424,
        39.66187585539069,
        39.867022230124654,
        39.237902788892164,
        39.73455507658079,
        39.471006227138176,
        38.93971703783867
    ],
    "averageOptimalReward": 46.0513739252547,
    "time": "2022-07-17_15-41"
}