{
    "averageRegrets": [
        5.7792050383473645,
        5.83413798244534,
        5.658485772166225,
        5.7758257565327265,
        5.849461997497985,
        5.913401115313213,
        5.507210575811183,
        5.941488285822582,
        5.801687600417229,
        5.749178290758756,
        5.905638765800406,
        5.68681252851585,
        5.823414032521084,
        5.83070232715832,
        5.737847567112268,
        5.712493369933941,
        5.843417246815066,
        5.919281567164313,
        5.831220170420314,
        5.913529486766769,
        5.933436843144898,
        6.001972608426133,
        6.161558294904547,
        5.846013811851733,
        5.759434524446134,
        5.755312699003682,
        5.887079778057716,
        5.569050711681886,
        5.669680200491463,
        6.142793624335289
    ],
    "averageExpectedRewards": [
        46.85767020016636,
        46.80273725606838,
        46.978389466347494,
        46.86104948198099,
        46.787413241015734,
        46.7234741232005,
        47.12966466270254,
        46.69538695269114,
        46.83518763809649,
        46.88769694775496,
        46.73123647271332,
        46.95006270999787,
        46.81346120599263,
        46.806172911355404,
        46.899027671401456,
        46.92438186857978,
        46.79345799169866,
        46.71759367134941,
        46.80565506809341,
        46.723345751746955,
        46.70343839536882,
        46.63490263008759,
        46.47531694360918,
        46.79086142666199,
        46.87744071406758,
        46.881562539510035,
        46.749795460456006,
        47.06782452683183,
        46.967195038022254,
        46.494081614178434
    ],
    "averageEnvRewards": [
        45.061692696824146,
        45.073318753440084,
        45.89617989042768,
        45.16072955231321,
        45.34150738577623,
        45.72104097011637,
        46.028556776491335,
        45.207714701432465,
        46.09819805145767,
        45.35673497461638,
        44.95490756350312,
        46.07593816438704,
        45.613518393661565,
        46.47147343894395,
        45.43676685704923,
        45.88391929577009,
        45.79683490134562,
        45.88515122875691,
        44.88525021580745,
        45.22712404184447,
        44.930778370250465,
        45.155552499707724,
        45.96184495014562,
        45.44445581498003,
        45.485874249973435,
        45.747268738414704,
        45.100821818544134,
        45.78596908266781,
        46.282657977555594,
        44.90596043065578
    ],
    "averageOptimalReward": 52.63687523851373,
    "time": "2022-07-17_15-41"
}