{
    "averageRegrets": [
        12.964543638500514,
        13.364954687367124,
        12.719466573430442,
        12.499184293787158,
        13.478680553544402,
        13.456355903815238,
        12.84872563799945,
        12.670325164202723,
        15.312170335626824,
        14.760368445238205,
        12.023568008730834,
        13.446318973332755,
        12.323929831278383,
        13.716536502489726,
        14.429444862276485,
        14.381475128632612,
        12.167271013122567,
        11.693284830784513,
        12.244411940866303,
        14.097612451544597,
        13.10261768007731,
        15.238269296228763,
        13.624358492156285,
        13.952962807614188,
        13.177424160999594,
        13.287315861584547,
        12.960577414639586,
        13.123480446890985,
        12.616514247922861,
        14.194357041691877,
        12.917576754867008,
        12.917531094525227,
        13.846797557865465,
        12.608341996489317,
        14.192027868618098,
        13.11216588038636,
        14.029480851002171,
        14.45163148000887,
        13.673335527921031,
        12.903842365241328
    ],
    "averageExpectedRewards": [
        88.25195948943586,
        87.85154844056925,
        88.49703655450594,
        88.71731883414922,
        87.73782257439197,
        87.76014722412114,
        88.36777748993693,
        88.54617796373364,
        85.90433279230956,
        86.45613468269818,
        89.19293511920554,
        87.77018415460363,
        88.89257329665799,
        87.49996662544665,
        86.7870582656599,
        86.83502799930376,
        89.0492321148138,
        89.52321829715186,
        88.97209118707008,
        87.11889067639179,
        88.11388544785906,
        85.9782338317076,
        87.5921446357801,
        87.26354032032219,
        88.03907896693677,
        87.92918726635183,
        88.25592571329679,
        88.09302268104538,
        88.59998888001351,
        87.0221460862445,
        88.29892637306938,
        88.29897203341116,
        87.3697055700709,
        88.60816113144706,
        87.02447525931828,
        88.10433724755003,
        87.1870222769342,
        86.7648716479275,
        87.54316760001534,
        88.31266076269505
    ],
    "averageEnvRewards": [
        84.3851818123888,
        84.50200629181498,
        86.10328315947892,
        86.11921259483904,
        85.1781730158798,
        84.63918719453984,
        85.03132423384251,
        85.32277324042673,
        83.71461578171892,
        83.26482153955439,
        86.91148542567643,
        84.86139770500354,
        86.65267496535598,
        85.02172767915414,
        84.1324346441674,
        84.03030948734151,
        86.20480887604464,
        87.60795083579542,
        85.3204057613638,
        84.03423427657499,
        85.15493064630067,
        83.2204803266779,
        84.02832387337763,
        83.50955390853692,
        85.07054535909701,
        85.79438993323448,
        85.89526412872934,
        83.95769751971272,
        85.39290095153898,
        83.54401283222931,
        85.2835061323953,
        85.9764113594142,
        84.7562513726666,
        85.83244136093839,
        84.67987321290184,
        85.27522773802761,
        84.36591869075451,
        84.0075006481576,
        84.47527098469688,
        84.58209634242056
    ],
    "averageOptimalReward": 101.21650312793638,
    "time": "2022-07-14_17-08"
}