{
    "averageRegrets": [
        2.958081759192893,
        2.8444533655074813,
        2.6691503493405415,
        2.5657498783777313,
        2.755373535096059,
        2.617532513917298,
        2.818651685416869,
        2.5774571823240424,
        2.641159822379983,
        2.7427507863072456,
        2.664588449855301,
        2.4375307119985092,
        2.618138777679407,
        3.0316458495017318,
        2.7711224409019897,
        2.668151830831377,
        3.08303099374507,
        2.747728957064216,
        2.53551461289007,
        2.4738328442225357,
        2.5187434124121455,
        2.853039047739861,
        2.7922176977553064,
        2.6365118596047443,
        2.8702469639188077,
        2.740737996887274,
        2.7507927862717936,
        2.8661376431383316,
        2.561058044023267,
        2.9057888221359067
    ],
    "averageExpectedRewards": [
        49.67879347932084,
        49.79242187300624,
        49.967724889173184,
        50.071125360135994,
        49.88150170341766,
        50.01934272459643,
        49.81822355309686,
        50.05941805618968,
        49.99571541613374,
        49.894124452206476,
        49.97228678865842,
        50.19934452651521,
        50.01873646083432,
        49.60522938901199,
        49.865752797611734,
        49.96872340768235,
        49.553844244768655,
        49.889146281449506,
        50.10136062562365,
        50.16304239429119,
        50.118131826101575,
        49.78383619077386,
        49.84465754075842,
        50.00036337890897,
        49.766628274594915,
        49.89613724162644,
        49.886082452241936,
        49.77073759537538,
        50.07581719449046,
        49.73108641637781
    ],
    "averageEnvRewards": [
        48.013109961771434,
        48.30922880031029,
        48.80267053470866,
        48.74556367798841,
        48.300361625566474,
        47.89569513871428,
        48.31549069841374,
        48.86308429635747,
        48.26518349100605,
        48.661169992937005,
        48.14985346473651,
        48.74296899241157,
        48.39002989413514,
        48.431152970440756,
        48.6610011819416,
        48.73324543678085,
        47.571261688302144,
        48.49613339318392,
        48.11447464921261,
        48.467840954641446,
        48.53583299749149,
        48.098481118793934,
        47.65781199133002,
        47.88171970946956,
        47.84327346147592,
        48.341010020556254,
        48.63376399644146,
        48.07314792271933,
        48.82458684895879,
        47.79325439281963
    ],
    "averageOptimalReward": 52.63687523851373,
    "time": "2022-07-17_15-21"
}