{
    "averageRegrets": [
        4.077607658406912,
        6.315953105502932,
        4.22237413802435,
        3.675813859010771,
        4.6534489388411515,
        3.9113358087447714,
        4.088253478924614,
        5.067064856749265,
        3.034867820282472,
        5.427071750728779,
        5.937034263495181,
        6.10380368129993,
        4.301769627205932,
        3.557231668182203,
        4.623464048967873,
        4.305627922821814,
        4.5669521378901585,
        4.15813282196874,
        3.918818001357416,
        3.7737914294285124,
        4.154885084171468,
        3.724677393875371,
        5.633463595112688,
        5.562423447465728,
        8.352585775235791,
        3.6149920525140815,
        6.517585728315168,
        3.42688889723378,
        3.640912356045113,
        4.5034431840292095
    ],
    "averageExpectedRewards": [
        93.14303550126498,
        90.90469005416895,
        92.99826902164754,
        93.5448293006611,
        92.56719422083074,
        93.30930735092711,
        93.13238968074727,
        92.15357830292264,
        94.18577533938941,
        91.7935714089431,
        91.2836088961767,
        91.11683947837196,
        92.91887353246597,
        93.6634114914897,
        92.597179110704,
        92.91501523685007,
        92.65369102178173,
        93.06251033770313,
        93.30182515831446,
        93.44685173024337,
        93.06575807550041,
        93.49596576579653,
        91.5871795645592,
        91.65821971220616,
        88.86805738443609,
        93.6056511071578,
        90.70305743135673,
        93.79375426243811,
        93.57973080362677,
        92.71719997564267
    ],
    "averageEnvRewards": [
        88.90259307968827,
        87.74448084740446,
        88.61249842479234,
        89.81306349787891,
        89.53912406123979,
        89.23885809135153,
        88.4715126606827,
        89.43343022334302,
        90.6312941213839,
        88.75465523574299,
        88.19603888255175,
        88.0721005829915,
        89.65275297287835,
        88.95195095693244,
        88.32706208151178,
        89.479758742945,
        88.85667595712653,
        90.56843186568506,
        89.86264837296777,
        90.4575168167048,
        89.9864491837023,
        89.86878362666776,
        88.65835252132719,
        88.44973990134947,
        86.62624857793092,
        91.25034004710328,
        86.66051504517439,
        88.9099128739318,
        90.50997335075174,
        89.1290385628506
    ],
    "averageOptimalReward": 97.2206431596719,
    "time": "2022-07-17_15-21"
}