{
    "averageRegrets": [
        3.6556917082892544,
        5.800268269266497,
        4.75675804316554,
        5.131449981880977,
        3.303327264540591,
        4.314084467192668,
        5.488328294240018,
        4.399664555557638,
        3.2936651333459857,
        5.497084703385501,
        3.5476638929265754,
        3.4378187896053647,
        4.90152511203755,
        3.7586124030416155,
        5.009538819605907,
        5.387622390308482,
        4.701184913470313,
        3.04694636790088,
        4.034344285937058,
        5.4838255051015725,
        2.97601767731304,
        5.450256724691392,
        2.9849522507291937,
        3.509848443485772,
        3.5008689986371695,
        2.8963547022049783,
        5.6943203017016755,
        4.301542212511563,
        5.912919052145018,
        2.7203537673977767,
        3.2277454102836383,
        4.809313460661025,
        4.3744095808660575,
        3.408949728139066,
        5.872499171998254,
        2.767697085009189,
        3.6773289000813008,
        4.715282280170168,
        4.261488733239224,
        3.34548349985954
    ],
    "averageExpectedRewards": [
        97.56081141964711,
        95.41623485866988,
        96.45974508477084,
        96.0850531460554,
        97.91317586339578,
        96.90241866074372,
        95.72817483369636,
        96.81683857237874,
        97.9228379945904,
        95.71941842455088,
        97.6688392350098,
        97.778684338331,
        96.31497801589883,
        97.45789072489477,
        96.20696430833046,
        95.8288807376279,
        96.51531821446608,
        98.1695567600355,
        97.18215884199931,
        95.73267762283481,
        98.24048545062334,
        95.76624640324499,
        98.23155087720717,
        97.7066546844506,
        97.71563412929919,
        98.32014842573139,
        95.52218282623471,
        96.9149609154248,
        95.30358407579136,
        98.49614936053858,
        97.98875771765273,
        96.40718966727535,
        96.8420935470703,
        97.80755339979731,
        95.34400395593813,
        98.44880604292719,
        97.53917422785507,
        96.5012208477662,
        96.95501439469716,
        97.87101962807682
    ],
    "averageEnvRewards": [
        93.5044613243711,
        90.986888161565,
        93.01810168417893,
        92.86471397360074,
        93.72465907525513,
        92.8032453354799,
        91.2107851555201,
        92.32608224031202,
        94.00729428822407,
        92.37627714059352,
        93.67562436161174,
        93.57309126830596,
        92.58125469981307,
        93.99993511726294,
        93.10111924019314,
        91.83315381089228,
        92.94936544561362,
        94.80796912098508,
        93.13186164726558,
        92.89199576881362,
        94.59337019164381,
        92.30270937575175,
        95.01016331374355,
        93.84738010067181,
        93.91242633990758,
        94.31175811220845,
        92.59879171503835,
        93.19921981152291,
        92.4211647033349,
        94.4174846263805,
        94.35420087060545,
        92.90614835089882,
        93.58164125452973,
        93.73274609838369,
        91.47742924438066,
        94.90431738797658,
        93.49673709883383,
        93.30354601960748,
        93.0515128404052,
        94.68235618357033
    ],
    "averageOptimalReward": 101.21650312793638,
    "time": "2022-07-14_15-41"
}