{
    "averageRegrets": [
        2.110567565010768,
        2.162575802482546,
        2.388945604385545,
        2.2332073961571397,
        2.2738253899717913,
        2.6310731580748485,
        2.405341281964269,
        2.0989283802380263,
        2.077308381368302,
        2.073475136822626,
        2.257409843575598,
        2.3613341067630866,
        2.6393064099545325,
        2.255981919421749,
        2.4043906005192324,
        2.5158921019315916,
        2.390106947353558,
        2.2174179694301235,
        2.1372590027893237,
        2.3568317677316206,
        2.597398923102196,
        2.4599568801462555,
        2.383612489528453,
        2.260826120798601,
        2.3280618710257137,
        2.309133166259565,
        2.2758732468892124,
        2.1525984743678457,
        2.26780706094219,
        2.411950514996728,
        2.2429330139979333,
        2.5684873946362847,
        2.564170755203043,
        2.0785310031720816,
        2.3916736302748998,
        2.5223618284376768,
        2.25930343736541,
        2.130274234945141,
        2.4956793898605834,
        2.121640958541347
    ],
    "averageExpectedRewards": [
        48.95239752615757,
        48.90038928868578,
        48.67401948678278,
        48.829757695011175,
        48.78913970119654,
        48.43189193309348,
        48.65762380920406,
        48.964036710930294,
        48.985656709800026,
        48.9894899543457,
        48.80555524759273,
        48.701630984405234,
        48.4236586812138,
        48.80698317174658,
        48.6585744906491,
        48.54707298923673,
        48.67285814381477,
        48.8455471217382,
        48.925706088379,
        48.706133323436696,
        48.465566168066125,
        48.60300821102206,
        48.67935260163988,
        48.802138970369725,
        48.73490322014261,
        48.75383192490875,
        48.78709184427911,
        48.910366616800474,
        48.79515803022613,
        48.651014576171605,
        48.82003207717039,
        48.49447769653204,
        48.498794335965286,
        48.98443408799625,
        48.671291460893435,
        48.540603262730656,
        48.80366165380292,
        48.93269085622318,
        48.56728570130774,
        48.94132413262698
    ],
    "averageEnvRewards": [
        47.957350435984296,
        46.78325995810309,
        47.06536479072798,
        47.1992042089651,
        47.49068792076322,
        46.94129194400774,
        47.47529655409992,
        47.68046879333311,
        47.25065919992444,
        47.088739631785465,
        46.771160490528445,
        47.50081037095969,
        46.99559614117833,
        47.45502490921512,
        47.05573742739033,
        47.35451025305613,
        46.782452248257876,
        47.346467669395935,
        47.259374434343755,
        47.0157693472488,
        46.86563720673007,
        47.09453619495054,
        48.018223550620284,
        47.30290255139653,
        47.40981279860669,
        47.236424846438275,
        47.26761528554514,
        47.40211337669851,
        46.74542347417039,
        47.48579687138468,
        47.56820345972423,
        47.26309568242705,
        47.38140424107245,
        47.424978381661575,
        47.34560008936302,
        47.010440115753646,
        47.78816868579185,
        47.09441828117938,
        47.11773459346357,
        47.878072469919026
    ],
    "averageOptimalReward": 51.06296509116834,
    "time": "2022-07-14_15-41"
}