{
    "averageRegrets": [
        11.09356252643449,
        9.616297921706813,
        13.239218095857968,
        13.8566302038315,
        13.767067799496814,
        10.640824511989418,
        13.666377251678636,
        10.693164574446257,
        10.883532791241224,
        10.801886182071657,
        15.543851150155094,
        12.033764805022935,
        13.871795070164854,
        13.001032484383083,
        14.625755561019435,
        13.545228390944365,
        13.935826821468448,
        14.585312330357777,
        10.48379451789562,
        12.538350497767452,
        10.092635201764212,
        10.831031969678191,
        13.379139775834938,
        10.090745252474123,
        14.670001044111611,
        11.274333703969486,
        14.022059194622086,
        10.75742182510716,
        10.16146855935044,
        13.298338380315629
    ],
    "averageExpectedRewards": [
        86.1270806332374,
        87.60434523796508,
        83.98142506381393,
        83.3640129558404,
        83.4535753601751,
        86.57981864768247,
        83.55426590799325,
        86.52747858522562,
        86.33711036843066,
        86.41875697760022,
        81.67679200951679,
        85.18687835464897,
        83.34884808950704,
        84.2196106752888,
        82.59488759865246,
        83.67541476872752,
        83.28481633820344,
        82.63533082931409,
        86.73684864177626,
        84.68229266190443,
        87.12800795790767,
        86.38961118999372,
        83.84150338383697,
        87.12989790719777,
        82.55064211556028,
        85.94630945570238,
        83.19858396504982,
        86.46322133456472,
        87.05917460032144,
        83.92230477935627
    ],
    "averageEnvRewards": [
        82.28464052231045,
        83.76874666960967,
        81.54977859235699,
        80.75514172999114,
        79.79026757965605,
        83.06203240592954,
        80.5008147225225,
        83.3835568259759,
        84.48498953667026,
        83.16297693751959,
        78.43477116065225,
        83.08921389926559,
        81.33500066176244,
        80.81176259440777,
        79.62892977160915,
        80.3232331573579,
        80.78563219773733,
        79.45700951167323,
        83.21437653722639,
        81.48996543052591,
        83.93414928432644,
        82.83278022496216,
        81.97580631570918,
        84.06490853847222,
        79.87788781205435,
        83.1269806658335,
        79.93735315035896,
        84.22141311613993,
        84.38986550006055,
        80.94622975526048
    ],
    "averageOptimalReward": 97.2206431596719,
    "time": "2022-07-17_15-40"
}