{
    "averageRegrets": [
        2.2698159732716645,
        2.3291099758642817,
        2.7502120443811253,
        2.495790500865283,
        2.3739176161756927,
        2.4680025154945535,
        2.453888297756935,
        2.9532485101782773,
        2.6350583608202625,
        2.8605131451376375,
        2.676139268331712,
        2.9118209172633835,
        2.5173900793409167,
        2.425045509047441,
        2.4454301857310603,
        2.480239100809934,
        2.9475342601418704,
        2.664070557134921,
        2.768533394000151,
        2.5768817138855344,
        2.5876470202655453,
        2.4940657429954887,
        2.586704253575104,
        2.5477123407324322,
        2.6825901128269938,
        2.2495246768630053,
        2.509641106830881,
        2.4539617182675073,
        2.43724988661415,
        2.4300288888221653
    ],
    "averageExpectedRewards": [
        58.41624337084201,
        58.356949368249396,
        57.93584729973254,
        58.19026884324839,
        58.31214172793797,
        58.21805682861912,
        58.23217104635674,
        57.73281083393539,
        58.051000983293406,
        57.825546198976035,
        58.00992007578197,
        57.77423842685029,
        58.16866926477276,
        58.26101383506624,
        58.2406291583826,
        58.20582024330373,
        57.7385250839718,
        58.02198878697875,
        57.91752595011351,
        58.10917763022815,
        58.09841232384812,
        58.19199360111818,
        58.099355090538566,
        58.13834700338124,
        58.00346923128668,
        58.43653466725066,
        58.17641823728279,
        58.23209762584617,
        58.24880945749952,
        58.25603045529151
    ],
    "averageEnvRewards": [
        57.959297492330684,
        57.80622162511844,
        57.52863351926888,
        56.79041747763673,
        58.08228783332559,
        58.093341294982004,
        57.17907886056659,
        57.30735446088591,
        56.37893849905653,
        56.898600801938365,
        56.762193206404675,
        57.377249421711554,
        56.839651466425636,
        56.3641949936744,
        56.947474208998734,
        57.043516527340444,
        56.38082130869419,
        58.23188728629917,
        56.660876618381735,
        57.56733393490274,
        56.52195734536382,
        56.96856463206379,
        56.770859847050765,
        57.314302053309405,
        57.468242200740654,
        57.788444630368396,
        56.942443699226594,
        57.041720111769635,
        57.74927387220507,
        57.696527624204634
    ],
    "averageOptimalReward": 60.68605934411367,
    "time": "2022-07-17_15-21"
}