{
    "averageRegrets": [
        2.3277187682220863,
        1.9915826599369635,
        2.583538401607579,
        2.2082964431604433,
        2.434554477384863,
        2.4968941213900733,
        2.199774391372905,
        2.2904793724585075,
        2.8196863650949666,
        2.527653622556088,
        2.073682916698566,
        2.4828523634909487,
        2.3979366315239887,
        2.3417307744920337,
        2.2679814891198578,
        2.228271736502585,
        2.3596936159367234,
        2.3860919617847927,
        2.38430557984143,
        2.4085565663356996,
        2.1944774372921887,
        2.3101050272788752,
        2.377048239627677,
        2.5141313755402916,
        2.2999541755109054,
        2.2072539525379065,
        2.240643209281132,
        2.6504745860067307,
        2.206614883528282,
        2.3452700334640495
    ],
    "averageExpectedRewards": [
        43.72365515703262,
        44.05979126531774,
        43.467835523647125,
        43.84307748209426,
        43.61681944786984,
        43.55447980386463,
        43.851599533881796,
        43.7608945527962,
        43.231687560159735,
        43.523720302698614,
        43.977691008556135,
        43.56852156176375,
        43.65343729373071,
        43.70964315076267,
        43.78339243613484,
        43.82310218875212,
        43.69168030931798,
        43.66528196346991,
        43.66706834541327,
        43.642817358919004,
        43.856896487962516,
        43.74126889797582,
        43.67432568562702,
        43.537242549714406,
        43.7514197497438,
        43.8441199727168,
        43.81073071597357,
        43.40089933924797,
        43.84475904172643,
        43.706103891790654
    ],
    "averageEnvRewards": [
        42.619596880139156,
        42.674487460128226,
        41.265432591772964,
        42.72893909146195,
        41.95382410837295,
        42.187887237145645,
        42.748969370048705,
        41.59742869802905,
        41.69251352037662,
        42.477217133455405,
        42.55624635287704,
        41.85854516307297,
        42.298200767188234,
        42.488019131864505,
        42.86080251679919,
        42.60749540752667,
        41.970568848921744,
        42.20743172770907,
        42.04529113668929,
        42.53899372540214,
        42.68077048224704,
        42.67715560636434,
        42.70723696043049,
        42.165172368332136,
        42.09146805883551,
        42.85619847941804,
        42.688350982639804,
        42.04068747517978,
        41.99797003069358,
        42.461153753724105
    ],
    "averageOptimalReward": 46.0513739252547,
    "time": "2022-07-17_15-21"
}