{
    "averageRegrets": [
        5.779576184400148,
        6.20764522049004,
        6.28069769781125,
        6.656354608590642,
        6.68928767196621,
        6.6164167896734,
        6.476179071649002,
        6.844486305396953,
        6.9266213826352985,
        6.903850464226824,
        6.820108730441962,
        6.746174719398303,
        6.9211888626454625,
        6.810563236851838,
        7.075871811191743,
        7.120901002087185,
        7.2142335653558245,
        7.111902731251422,
        6.972571338844674,
        6.859958204429504,
        7.331107901507035,
        7.262463776936533,
        7.17311877880149,
        7.095629987326309,
        7.044957694219114,
        7.247065423401632,
        7.306397204936329,
        7.37439887181499,
        7.4207128945589105,
        7.2600193498457815,
        6.986973329177117,
        7.542499866502023,
        7.481458198822025,
        7.542887572793805,
        7.420657717080491,
        7.631128328248913,
        7.221197113677897,
        7.367639394016326,
        7.473286888947639,
        7.183224573829903
    ],
    "averageExpectedRewards": [
        42.769465826714885,
        42.341396790625005,
        42.268344313303785,
        41.892687402524395,
        41.85975433914883,
        41.93262522144164,
        42.07286293946604,
        41.704555705718086,
        41.62242062847974,
        41.64519154688822,
        41.72893328067308,
        41.80286729171674,
        41.627853148469576,
        41.7384787742632,
        41.473170199923295,
        41.42814100902786,
        41.334808445759215,
        41.437139279863615,
        41.57647067227036,
        41.68908380668554,
        41.217934109607995,
        41.286578234178506,
        41.37592323231355,
        41.45341202378873,
        41.50408431689593,
        41.30197658771342,
        41.2426448061787,
        41.17464313930005,
        41.128329116556124,
        41.28902266126926,
        41.56206868193792,
        41.006542144613015,
        41.067583812293016,
        41.00615443832124,
        41.12838429403455,
        40.91791368286612,
        41.327844897437146,
        41.18140261709872,
        41.0757551221674,
        41.36581743728513
    ],
    "averageEnvRewards": [
        41.6563755543779,
        40.87580012514431,
        41.503607055566654,
        40.88158862077582,
        40.89018280499582,
        40.632942655097956,
        40.42495826063993,
        40.764270762463255,
        40.853851477085435,
        40.56668411762261,
        40.76689699864259,
        40.70135112210861,
        40.2070018686717,
        40.424320785365374,
        40.09393345607741,
        40.157703076159095,
        40.404933360685305,
        40.27383260190244,
        40.77833278829797,
        40.020036255137306,
        40.21404188379788,
        40.28239509867526,
        40.135274138844274,
        40.306307650989375,
        40.41261767506567,
        40.3702192369437,
        39.66936361103637,
        40.202285378525296,
        40.42163201366918,
        40.24223042716345,
        40.87784218451924,
        39.98777976518367,
        40.18461242164724,
        39.95760913668245,
        40.376519867183475,
        39.90278562171122,
        40.367438042017554,
        40.23551617811405,
        39.91093644234693,
        40.17081470843317
    ],
    "averageOptimalReward": 48.549042011115034,
    "time": "2022-07-14_17-08"
}