{
    "averageRegrets": [
        0.5421059717661663,
        0.5449790284368664,
        0.5356042046856028,
        0.61162077785053,
        0.6229220059126659,
        0.5716268293176934,
        0.5783775781527997,
        0.5288534558504965,
        0.5577311209643706,
        0.5421059717661663,
        0.5421059717661663,
        0.7009144923054126,
        0.5421059717661663,
        0.5421059717661662,
        0.5716268293176934,
        0.6404984429644043,
        0.4993325982989693,
        0.5421059717661663,
        0.5866503995260324,
        0.5543784775624155,
        0.5948520128265071,
        0.5421059717661663,
        0.5495295076638959,
        0.5792268636283028,
        0.6230714205015141,
        0.6319729046886436,
        0.5579084974987281,
        0.6637936004432761,
        0.4993325982989693,
        0.5049850799040297,
        0.5421059717661663,
        0.5866503995260325,
        0.665844793968711,
        0.6879421156225086,
        0.5421059717661663,
        0.606325416603852,
        0.671967731342958,
        0.7104730825881397,
        0.5049850799040297,
        0.633423457416246
    ],
    "averageExpectedRewards": [
        72.33173617674257,
        72.32886312007186,
        72.33823794382313,
        72.26222137065821,
        72.25092014259606,
        72.30221531919103,
        72.29546457035593,
        72.34498869265823,
        72.31611102754435,
        72.33173617674257,
        72.33173617674257,
        72.17292765620331,
        72.33173617674257,
        72.33173617674257,
        72.30221531919103,
        72.23334370554431,
        72.37450955020977,
        72.33173617674257,
        72.28719174898269,
        72.31946367094632,
        72.27899013568222,
        72.33173617674257,
        72.32431264084484,
        72.29461528488042,
        72.25077072800723,
        72.24186924382009,
        72.31593365101,
        72.21004854806546,
        72.37450955020977,
        72.3688570686047,
        72.33173617674257,
        72.28719174898269,
        72.20799735454003,
        72.18590003288622,
        72.33173617674257,
        72.26751673190489,
        72.20187441716577,
        72.16336906592059,
        72.3688570686047,
        72.24041869109249
    ],
    "averageEnvRewards": [
        71.23549794487172,
        70.84455590939392,
        70.81549865852125,
        70.84654479950149,
        71.2361616084677,
        71.17681282994583,
        70.80026617408278,
        70.61467935823676,
        70.29393739348083,
        70.8329960647268,
        71.70353594637307,
        70.75237899832403,
        70.36113455881912,
        70.3577859383013,
        70.63276593221781,
        70.96636025825343,
        70.77935197696884,
        71.46141044071942,
        71.22284280190698,
        71.12138315024808,
        71.83688208737631,
        70.69839101267611,
        69.93118473410387,
        71.25515532724,
        71.42749832880372,
        70.96509505662351,
        70.7765148417106,
        71.25865519615031,
        71.26981659520749,
        71.2905779019053,
        71.7114292530654,
        70.6824986561775,
        70.53052481896731,
        70.64849487046736,
        70.26309718916056,
        71.08482009143307,
        70.52686915756634,
        70.74053537245827,
        71.264533556063,
        71.37701582459685
    ],
    "averageOptimalReward": 72.87384214850874,
    "time": "2022-07-17_15-20"
}