{
    "averageRegrets": [
        0.3801300414878634,
        0.08166856566949555,
        0.04362322469366072,
        0.034480578643231244,
        0.016360583900810178,
        0.023559799486711608,
        0.007833540510333274,
        0.008745112002418544,
        0.017476737835411996,
        0.011730103197638645,
        0.011939964780880406,
        0.00839425704799679,
        0.007894015886002153,
        0.0,
        0.005409265852776688,
        0.0,
        0.011391083834359248,
        0.0,
        0.006348528366180293,
        0.006348528366180293,
        0.005421101443919045,
        0.0033635371709601915,
        0.0,
        0.006288773015686482,
        0.011391083834359248,
        0.008320188998211015,
        0.0,
        0.0027987084723355405,
        0.0027987084723355405,
        0.0029849911952201016,
        0.006162245643295732,
        0.002436110248698944,
        0.01104296105175095,
        0.0,
        0.0,
        0.0027987084723355405,
        0.0,
        0.0024242746575565866,
        0.0,
        0.0
    ],
    "averageExpectedRewards": [
        8.08596064932248,
        8.384422125140848,
        8.422467466116682,
        8.431610112167112,
        8.449730106909533,
        8.442530891323631,
        8.45825715030001,
        8.457345578807924,
        8.448613952974931,
        8.454360587612705,
        8.454150726029463,
        8.457696433762347,
        8.458196674924341,
        8.466090690810343,
        8.460681424957567,
        8.466090690810343,
        8.454699606975986,
        8.466090690810343,
        8.459742162444163,
        8.459742162444163,
        8.460669589366425,
        8.462727153639383,
        8.466090690810343,
        8.459801917794657,
        8.454699606975986,
        8.457770501812131,
        8.466090690810343,
        8.463291982338008,
        8.463291982338008,
        8.463105699615124,
        8.459928445167048,
        8.463654580561645,
        8.455047729758592,
        8.466090690810343,
        8.466090690810343,
        8.463291982338008,
        8.466090690810343,
        8.463666416152787,
        8.466090690810343,
        8.466090690810343
    ],
    "averageEnvRewards": [
        7.472972205359125,
        7.572579817048364,
        7.700138405507448,
        7.670740848196645,
        7.687568942784361,
        7.645487597339529,
        7.67982774565052,
        7.683089026790462,
        7.760327928633286,
        7.711272391877372,
        7.739449516295629,
        7.737002230722428,
        7.707974131354696,
        7.710861370960995,
        7.748565710626149,
        7.727156487251438,
        7.690271365836939,
        7.734260598397375,
        7.685209987202974,
        7.762441705250171,
        7.691484641921601,
        7.668058327975429,
        7.723356935972651,
        7.692273614382239,
        7.750386047274671,
        7.72299796151078,
        7.6739100891953935,
        7.685047167992523,
        7.711399441792451,
        7.691886116996679,
        7.702763956939704,
        7.699933007849003,
        7.679051761065512,
        7.699828370681245,
        7.703296651427118,
        7.715867459834085,
        7.722424718052741,
        7.715441383541206,
        7.721989054983286,
        7.714162054766942
    ],
    "averageOptimalReward": 8.466090690810343,
    "time": "2022-07-14_16-25"
}