{
    "averageRegrets": [
        1.4890237645078808,
        1.15751430321742,
        1.240148424551801,
        1.4419743474156264,
        1.3784007239882141,
        1.3891223444225713,
        1.3978875198227314,
        1.4663851102738863,
        1.4669505696196365,
        1.4325628423851426,
        1.435941273816785,
        1.3923375956901498,
        1.4048804691843708,
        1.3907157090068694,
        1.4028621739459566,
        1.4417094638700814,
        1.4402754423230693,
        1.4045146173197487,
        1.3715553001136493,
        1.408149221419598,
        1.3679951491204991,
        1.2922157333989168,
        1.3352589568371558,
        1.2677840237276923,
        1.3515450299121965,
        1.2540494421011639,
        1.2390591555809656,
        1.2674916935950933,
        1.323455399485554,
        1.338788593593237,
        1.3186447914955912,
        1.342005836998902,
        1.3592753032783684,
        1.337671668492618,
        1.374050034835742,
        1.3962941552384336,
        1.385771569120713,
        1.385689546054082,
        1.424301762598445,
        1.411545326279486
    ],
    "averageExpectedRewards": [
        92.30430584966557,
        92.63581531095602,
        92.55318118962164,
        92.35135526675782,
        92.41492889018522,
        92.40420726975088,
        92.3954420943507,
        92.32694450389955,
        92.32637904455379,
        92.36076677178829,
        92.35738834035666,
        92.40099201848328,
        92.38844914498907,
        92.40261390516656,
        92.39046744022748,
        92.35162015030335,
        92.35305417185036,
        92.38881499685368,
        92.4217743140598,
        92.38518039275382,
        92.42533446505294,
        92.50111388077454,
        92.45807065733628,
        92.52554559044576,
        92.44178458426123,
        92.53928017207228,
        92.55427045859247,
        92.52583792057834,
        92.46987421468788,
        92.4545410205802,
        92.47468482267784,
        92.45132377717455,
        92.43405431089506,
        92.45565794568083,
        92.41927957933768,
        92.39703545893501,
        92.40755804505272,
        92.40764006811936,
        92.36902785157501,
        92.38178428789395
    ],
    "averageEnvRewards": [
        89.33186041896668,
        89.78997007179304,
        89.17759741273466,
        88.36670954224284,
        88.02010139791162,
        88.58489932837252,
        88.96218572465176,
        88.70256145636546,
        89.5554613000936,
        88.73289034018417,
        87.94967402925211,
        89.47957267271751,
        88.93436723524643,
        88.95933186617535,
        89.0081676908107,
        89.77167537814097,
        88.99136536757756,
        89.53492326648993,
        89.17892595773199,
        89.42257578292657,
        89.62628997826181,
        90.70232709931699,
        89.99760200782843,
        90.65713471516302,
        89.85840783139264,
        89.8034057871907,
        89.69937663591723,
        90.113373127377,
        90.91520913229469,
        89.50790394603882,
        89.11540204064067,
        89.60346472981233,
        89.68585154100835,
        89.47266320207972,
        90.72143625134309,
        89.41628090256236,
        89.89941677049886,
        89.1096755017772,
        89.07451497121437,
        89.76320515802553
    ],
    "averageOptimalReward": 93.79332961417346,
    "time": "2022-07-16_17-08"
}