{
    "averageRegrets": [
        0.04509926666666673,
        0.014924500000000025,
        0.011006500000000044,
        0.005578000000000012,
        0.0027142500000000157,
        0.0009047500000000053,
        0.0,
        0.004673250000000006,
        0.0014120000000000044,
        0.0009047500000000053,
        0.0,
        0.0,
        0.0018095000000000105,
        0.0,
        0.0,
        0.0009047500000000053,
        0.0,
        0.0,
        0.0,
        0.0,
        0.0,
        0.004673250000000006,
        0.0009047500000000053,
        0.0,
        0.0,
        0.0,
        0.0,
        0.0,
        0.0,
        0.0,
        0.0,
        0.0,
        0.0,
        0.0,
        0.0,
        0.0,
        0.0,
        0.0,
        0.0,
        0.0
    ],
    "averageExpectedRewards": [
        14.328367400000005,
        14.358542166666671,
        14.36246016666667,
        14.367888666666673,
        14.370752416666669,
        14.372561916666669,
        14.37346666666667,
        14.368793416666671,
        14.372054666666672,
        14.372561916666669,
        14.37346666666667,
        14.37346666666667,
        14.371657166666669,
        14.37346666666667,
        14.37346666666667,
        14.372561916666669,
        14.37346666666667,
        14.37346666666667,
        14.37346666666667,
        14.37346666666667,
        14.37346666666667,
        14.368793416666671,
        14.372561916666669,
        14.37346666666667,
        14.37346666666667,
        14.37346666666667,
        14.37346666666667,
        14.37346666666667,
        14.37346666666667,
        14.37346666666667,
        14.37346666666667,
        14.37346666666667,
        14.37346666666667,
        14.37346666666667,
        14.37346666666667,
        14.37346666666667,
        14.37346666666667,
        14.37346666666667,
        14.37346666666667,
        14.37346666666667
    ],
    "averageEnvRewards": [
        14.713738229728369,
        14.524037493875813,
        14.792075873542931,
        14.60761898487076,
        14.830593116307801,
        14.812813546128018,
        14.474018322250204,
        14.960057732580667,
        14.60181821946753,
        14.5455639291609,
        14.658635270433834,
        14.711838997445042,
        14.568807717569799,
        14.891213752745543,
        14.823401553040737,
        14.616857336334796,
        14.848604354882633,
        14.642132789296351,
        14.806744959820907,
        14.365270366308803,
        14.724396981265478,
        14.763126308608708,
        14.684318621784483,
        14.652513240006996,
        14.927365204730036,
        14.634825738470623,
        14.800216691599513,
        14.482349868802698,
        14.312380792982426,
        14.573610038306,
        14.841999765791757,
        14.878594346581492,
        14.606124334352609,
        14.601081439920444,
        14.913566032968983,
        14.5953212137789,
        14.80815052123372,
        14.486410626596498,
        14.755716757727336,
        14.719167966752831
    ],
    "averageOptimalReward": 14.37346666666667,
    "time": "2022-07-14_16-25"
}