{
    "averageRegrets": [
        0.4153786237504677,
        0.011052910086803678,
        0.009227306680319475,
        0.019782788185474017,
        0.013269056732997626,
        0.007011160034125528,
        0.0009898033271491258,
        0.008000963361274654,
        0.005031553379827276,
        0.0,
        0.0019796066542982515,
        0.0,
        0.00823750335317035,
        0.006021356706976402,
        0.0009898033271491258,
        0.013032516741101929,
        0.015550226518019414,
        0.015094660139481828,
        0.02008956147011549,
        0.02100431211841908,
        0.005031553379827276,
        0.0,
        0.0,
        0.007011160034125528,
        0.0,
        0.005031553379827276,
        0.0,
        0.018863218151070667,
        0.0,
        0.0,
        0.0009898033271491258,
        0.03238143770960557,
        0.0,
        0.0,
        0.0,
        0.0,
        0.0009898033271491258,
        0.0,
        0.0,
        0.0
    ],
    "averageExpectedRewards": [
        44.525920596677416,
        44.93024631034108,
        44.93207191374757,
        44.92151643224241,
        44.92803016369489,
        44.93428806039376,
        44.94030941710074,
        44.93329825706662,
        44.93626766704807,
        44.941299220427894,
        44.939319613773584,
        44.941299220427894,
        44.933061717074715,
        44.93527786372091,
        44.94030941710074,
        44.92826670368679,
        44.92574899390988,
        44.926204560288404,
        44.92120965895777,
        44.92029490830947,
        44.93626766704807,
        44.941299220427894,
        44.941299220427894,
        44.93428806039376,
        44.941299220427894,
        44.93626766704807,
        44.941299220427894,
        44.92243600227682,
        44.941299220427894,
        44.941299220427894,
        44.94030941710074,
        44.90891778271829,
        44.941299220427894,
        44.941299220427894,
        44.941299220427894,
        44.941299220427894,
        44.94030941710074,
        44.941299220427894,
        44.941299220427894,
        44.941299220427894
    ],
    "averageEnvRewards": [
        42.91439966874042,
        42.89604167982986,
        43.69645955061983,
        43.51095546745306,
        43.30152490197666,
        43.17742045582897,
        43.221089037709206,
        43.80471139983647,
        43.50247773479263,
        43.245130909989186,
        43.52877220123148,
        43.13478253395565,
        43.18986920348973,
        42.96290985285571,
        43.43774003128704,
        43.58101522436839,
        43.379370805260166,
        42.98254594914688,
        43.540720341856115,
        43.944349925223285,
        43.43890883089829,
        43.7150185168787,
        43.68095568326257,
        43.12196128861195,
        43.275666775220856,
        43.290087299128416,
        43.36219265242487,
        43.399275853945895,
        43.327121917281595,
        43.78358497552115,
        43.35104729218485,
        43.36548238716257,
        43.552316265687715,
        43.13139955012969,
        43.519381750331725,
        43.53914800208564,
        43.49246339087403,
        43.78814431729727,
        43.3297782513286,
        43.04681595749162
    ],
    "averageOptimalReward": 44.941299220427894,
    "time": "2022-07-14_16-25"
}