{
    "averageRegrets": [
        0.2778024417142847,
        0.2686939119999987,
        0.20643191635714145,
        0.24381931032142704,
        0.2524519732499991,
        0.18359303274999944,
        0.20978077099999914,
        0.3049537944642833,
        0.3318662896785701,
        0.1985077523571421,
        0.2888689921071404,
        0.24006598103571317,
        0.2352079236071412,
        0.35364139585714127,
        0.27725891685714144,
        0.2597792499999982,
        0.1852385778571421,
        0.21317149942857014,
        0.13326234924999947,
        0.20638532882142716,
        0.21577100871428484,
        0.23589663057142754,
        0.17940682528571375,
        0.12745600960714246,
        0.3316391702142837,
        0.24710700003571326,
        0.1730183407142851,
        0.30340588442856886,
        0.23075947307142747,
        0.197102405392856,
        0.304990209249999,
        0.2161485146785707,
        0.14953622946428516,
        0.17970260014285647,
        0.3903370668928556,
        0.24695398803571272,
        0.15559463671428506,
        0.17414160542857043,
        0.19462700178571368,
        0.21123460646428494
    ],
    "averageExpectedRewards": [
        9.610527272571428,
        9.619635802285714,
        9.68189779792857,
        9.644510403964285,
        9.635877741035713,
        9.704736681535714,
        9.678548943285714,
        9.583375919821428,
        9.556463424607141,
        9.68982196192857,
        9.59946072217857,
        9.648263733250001,
        9.653121790678572,
        9.534688318428572,
        9.611070797428573,
        9.628550464285714,
        9.70309113642857,
        9.675158214857142,
        9.755067365035714,
        9.681944385464284,
        9.672558705571427,
        9.652433083714286,
        9.708922889,
        9.76087370467857,
        9.556690544071428,
        9.64122271425,
        9.715311373571428,
        9.584923829857141,
        9.657570241214284,
        9.691227308892856,
        9.583339505035715,
        9.672181199607142,
        9.738793484821427,
        9.708627114142857,
        9.497992647392858,
        9.641375726249999,
        9.732735077571428,
        9.714188108857142,
        9.6937027125,
        9.677095107821428
    ],
    "averageEnvRewards": [
        9.757926350397323,
        9.613761142887254,
        9.877255343218007,
        9.684406300281358,
        9.528572612540524,
        9.72088154319529,
        9.742756114384795,
        9.60530559457139,
        9.535060025065501,
        9.728479863112263,
        9.623014425053272,
        9.59453284827664,
        9.657843271993489,
        9.699831093816856,
        9.781176063505676,
        9.66283786236306,
        9.822555824894868,
        9.724063171174414,
        9.844734588299335,
        9.721082995302693,
        9.806639756359031,
        9.75000032416648,
        9.774761830501363,
        9.751581458317034,
        9.713448229708902,
        9.780739726333383,
        9.846585685377857,
        9.557066015865416,
        9.648175251762211,
        10.000038454518227,
        9.68628150029076,
        9.776494738384061,
        9.690411259214732,
        9.71564245650335,
        9.504616067650973,
        9.657210590803885,
        9.752108771542309,
        9.66806238550418,
        9.691296867447548,
        9.684633939480504
    ],
    "averageOptimalReward": 9.888329714285714,
    "time": "2022-07-17_15-20"
}