{
    "averageRegrets": [
        1.7913631138751185,
        2.400826883987942,
        1.6536923211662526,
        1.266358266391447,
        1.1463516731800774,
        1.5804299835343074,
        1.7845450707320805,
        2.384167063391169,
        2.1216754979785115,
        2.0041174733536686,
        3.3108607993698715,
        2.1036150410520835,
        1.4108982389381928,
        1.849978883359051,
        1.9670103442262177,
        1.824980418104816,
        2.671303267157634,
        1.8966148578585689,
        1.526832923770869,
        1.88932060061865,
        1.9297362805587932,
        0.9287038843929476,
        2.0355004706711664,
        1.569415154656431,
        0.8797710201920456,
        1.9999631516797616,
        1.6429774882552912,
        2.5470719464040013,
        2.3168667445285935,
        1.660684226558336,
        2.145095116959786,
        2.126377472974951,
        2.0068813856032808,
        1.117931210531445,
        1.5636852371698742,
        2.5014207953001186,
        1.237454438084928,
        2.0491715734152143,
        2.235009746581974,
        1.2595411969670998
    ],
    "averageExpectedRewards": [
        92.00196650029831,
        91.3925027301855,
        92.1396372930072,
        92.52697134778198,
        92.64697794099337,
        92.21289963063913,
        92.00878454344137,
        91.40916255078227,
        91.67165411619492,
        91.78921214081976,
        90.48246881480358,
        91.68971457312136,
        92.38243137523524,
        91.94335073081439,
        91.82631926994723,
        91.96834919606863,
        91.12202634701582,
        91.89671475631486,
        92.26649669040256,
        91.9040090135548,
        91.86359333361466,
        92.86462572978049,
        91.75782914350228,
        92.223914459517,
        92.91355859398139,
        91.79336646249368,
        92.15035212591816,
        91.24625766776944,
        91.47646286964486,
        92.13264538761513,
        91.64823449721365,
        91.6669521411985,
        91.78644822857015,
        92.67539840364199,
        92.22964437700357,
        91.29190881887331,
        92.55587517608852,
        91.74415804075824,
        91.55831986759145,
        92.53378841720634
    ],
    "averageEnvRewards": [
        91.08701708294207,
        89.561580535834,
        88.88396488452366,
        90.65376866609218,
        90.89927896626985,
        90.55330346502424,
        89.34041681287798,
        87.93291311068839,
        89.0665161441399,
        88.1397465329284,
        87.11097746866892,
        88.95176398986496,
        90.59616197941229,
        89.3035768183664,
        89.34546818973169,
        89.44091334605604,
        87.52074865698094,
        89.45742085748734,
        89.42135179206532,
        89.05566675996278,
        88.42273060970048,
        90.94930709964444,
        87.46556911425822,
        88.84779711192886,
        91.14008343806556,
        88.52747510841775,
        88.96010842087298,
        87.8706894667813,
        88.62253701423204,
        89.23422800407432,
        89.57981472311805,
        89.44620456627894,
        89.08882176439333,
        89.61779925910676,
        89.6550980755781,
        88.53504254328465,
        89.63062037043338,
        89.2836646847491,
        89.64747096604623,
        89.40869630760083
    ],
    "averageOptimalReward": 93.79332961417346,
    "time": "2022-07-17_16-26"
}