{
    "averageRegrets": [
        0.34532300065599686,
        0.05930260271131807,
        0.020841734314020536,
        0.0054112007836745945,
        0.0066578931606620095,
        0.012732399378537167,
        0.013739866015119838,
        0.012112881751391242,
        0.01449637011350907,
        0.011098564107102558,
        0.015288932012468255,
        0.003397806006413617,
        0.009493660094300313,
        0.005610420426327138,
        0.0042512980237645335,
        0.00510479004111545,
        0.009601722852381834,
        0.004930859225045836,
        0.0035717368224832315,
        7.105427357601002e-15,
        0.0022126144199206264,
        0.0025805259529741954,
        0.0038019295033786802,
        0.0013591224025697101,
        7.105427357601002e-15,
        7.105427357601002e-15,
        0.0019009647516928928,
        0.006511045083367844,
        7.105427357601002e-15,
        7.105427357601002e-15,
        0.0022126144199206264,
        0.0019009647516928928,
        7.105427357601002e-15,
        7.105427357601002e-15,
        7.105427357601002e-15,
        7.105427357601002e-15,
        7.105427357601002e-15,
        7.105427357601002e-15,
        7.105427357601002e-15,
        0.0006795612012884078
    ],
    "averageExpectedRewards": [
        38.93005585513701,
        39.216076253081695,
        39.25453712147899,
        39.26996765500934,
        39.268720962632344,
        39.26264645641448,
        39.261638989777886,
        39.26326597404162,
        39.2608824856795,
        39.26428029168591,
        39.26008992378054,
        39.271981049786596,
        39.26588519569871,
        39.26976843536668,
        39.27112755776925,
        39.2702740657519,
        39.26577713294063,
        39.27044799656797,
        39.27180711897053,
        39.27537885579301,
        39.27316624137309,
        39.272798329840036,
        39.27157692628963,
        39.27401973339044,
        39.27537885579301,
        39.27537885579301,
        39.273477891041324,
        39.268867810709644,
        39.27537885579301,
        39.27537885579301,
        39.27316624137309,
        39.273477891041324,
        39.27537885579301,
        39.27537885579301,
        39.27537885579301,
        39.27537885579301,
        39.27537885579301,
        39.27537885579301,
        39.27537885579301,
        39.27469929459173
    ],
    "averageEnvRewards": [
        38.42921995398879,
        38.31931934588831,
        38.23997029124526,
        38.60280121426914,
        38.76663106643333,
        38.77863928740715,
        38.427081852696986,
        38.35793227797405,
        38.28995818590071,
        38.40510814062707,
        38.31533246946064,
        38.50638339233623,
        38.384126397872805,
        38.559917904011634,
        38.833823497011785,
        38.60746871963138,
        39.04504312399588,
        38.306911487407476,
        38.67542586471378,
        38.252539532531685,
        38.45961676168277,
        38.73242328604834,
        38.96521383549089,
        38.14560023928626,
        38.57650069723897,
        38.30882590500876,
        38.83456955166773,
        38.16602403953292,
        38.527357751165624,
        38.180049934312166,
        38.81611349473792,
        38.40168207095582,
        38.272499675439775,
        39.000573113931836,
        38.40850478933411,
        38.11522912154365,
        38.017571397715635,
        38.348977953955036,
        38.561437022494594,
        38.41144903195034
    ],
    "averageOptimalReward": 39.27537885579301,
    "time": "2022-07-14_16-25"
}