{
    "averageRegrets": [
        0.5719744740156268,
        1.4210854715202004e-14,
        1.4210854715202004e-14,
        1.4210854715202004e-14,
        1.4210854715202004e-14,
        0.03712089186215072,
        1.4210854715202004e-14,
        1.4210854715202004e-14,
        1.4210854715202004e-14,
        1.4210854715202004e-14,
        1.4210854715202004e-14,
        1.4210854715202004e-14,
        1.4210854715202004e-14,
        1.4210854715202004e-14,
        1.4210854715202004e-14,
        1.4210854715202004e-14,
        1.4210854715202004e-14,
        1.4210854715202004e-14,
        1.4210854715202004e-14,
        1.4210854715202004e-14,
        1.4210854715202004e-14,
        1.4210854715202004e-14,
        1.4210854715202004e-14,
        1.4210854715202004e-14,
        1.4210854715202004e-14,
        1.4210854715202004e-14,
        1.4210854715202004e-14,
        1.4210854715202004e-14,
        1.4210854715202004e-14,
        1.4210854715202004e-14,
        1.4210854715202004e-14,
        1.4210854715202004e-14,
        1.4210854715202004e-14,
        1.4210854715202004e-14,
        1.4210854715202004e-14,
        1.4210854715202004e-14,
        1.4210854715202004e-14,
        1.4210854715202004e-14,
        1.4210854715202004e-14,
        1.4210854715202004e-14
    ],
    "averageExpectedRewards": [
        72.30186767449311,
        72.87384214850871,
        72.87384214850871,
        72.87384214850871,
        72.87384214850871,
        72.83672125664658,
        72.87384214850871,
        72.87384214850871,
        72.87384214850871,
        72.87384214850871,
        72.87384214850871,
        72.87384214850871,
        72.87384214850871,
        72.87384214850871,
        72.87384214850871,
        72.87384214850871,
        72.87384214850871,
        72.87384214850871,
        72.87384214850871,
        72.87384214850871,
        72.87384214850871,
        72.87384214850871,
        72.87384214850871,
        72.87384214850871,
        72.87384214850871,
        72.87384214850871,
        72.87384214850871,
        72.87384214850871,
        72.87384214850871,
        72.87384214850871,
        72.87384214850871,
        72.87384214850871,
        72.87384214850871,
        72.87384214850871,
        72.87384214850871,
        72.87384214850871,
        72.87384214850871,
        72.87384214850871,
        72.87384214850871,
        72.87384214850871
    ],
    "averageEnvRewards": [
        71.26597725278653,
        71.96536580133191,
        71.96314227413056,
        72.26741454779892,
        70.55207684644805,
        72.61504353120561,
        71.7084649404718,
        70.54298473801556,
        70.96977331036756,
        71.64483167759919,
        71.37774390621483,
        71.90040496474177,
        70.91799354840056,
        71.86773108867399,
        70.93641853549005,
        72.00405430964813,
        71.35319422545075,
        70.69751552821519,
        72.00880755831176,
        71.60635787279718,
        70.39303022204868,
        71.627861908827,
        70.85639883375428,
        71.12824001935488,
        72.4314843634883,
        71.87473252302274,
        71.5247203360218,
        71.39685269926863,
        72.06952068593466,
        72.37830823635724,
        71.77348663246391,
        70.64430029318693,
        71.62723077668039,
        71.17031582280923,
        71.29266552064163,
        71.4389957219991,
        71.20632893339456,
        70.59782312141577,
        72.29265769924928,
        71.73271031502041
    ],
    "averageOptimalReward": 72.87384214850874,
    "time": "2022-07-14_16-25"
}