{
    "averageRegrets": [
        0.1921698847857133,
        0.04256488264285656,
        0.015197632821428457,
        0.014419914535714127,
        0.011520395749999942,
        0.010035550142857072,
        0.011508814035714235,
        0.002900419392857119,
        0.005083965428571391,
        0.0049568225357142556,
        0.003821828714285691,
        0.004614034071428539,
        0.001765673142857125,
        0.001086735857142842,
        0.003001056428571407,
        0.006290017107142831,
        0.0017793820714285503,
        0.0023455189285714172,
        0.00197673749999999,
        0.0010420901785714242,
        0.0021404579999999827,
        0.0046004574999999855,
        0.006323229642857111,
        0.004651595999999976,
        0.00041601085714285005,
        0.0006058842857142821,
        0.0012117685714285642,
        0.004410584071428558,
        0.002330331428571415,
        0.0019747489285714126,
        0.0013708532142857077,
        0.00041601085714285005,
        0.002556468857142833,
        0.0,
        0.0,
        0.0026869949999999854,
        0.0012117685714285642,
        0.001537361785714282,
        0.00034147607142856804,
        0.0031951542142856894
    ],
    "averageExpectedRewards": [
        9.696159829499999,
        9.845764831642857,
        9.873132081464286,
        9.873909799749999,
        9.876809318535715,
        9.878294164142856,
        9.87682090025,
        9.885429294892857,
        9.883245748857144,
        9.88337289175,
        9.884507885571429,
        9.883715680214284,
        9.886564041142856,
        9.88724297842857,
        9.885328657857142,
        9.88203969717857,
        9.886550332214286,
        9.885984195357143,
        9.886352976785712,
        9.887287624107142,
        9.886189256285713,
        9.883729256785713,
        9.882006484642856,
        9.883678118285713,
        9.887913703428572,
        9.88772383,
        9.887117945714285,
        9.883919130214286,
        9.885999382857143,
        9.886354965357143,
        9.886958861071427,
        9.887913703428572,
        9.885773245428572,
        9.888329714285714,
        9.888329714285714,
        9.885642719285716,
        9.887117945714285,
        9.886792352499999,
        9.887988238214286,
        9.885134560071428
    ],
    "averageEnvRewards": [
        9.715339159862976,
        9.932541143883197,
        10.011838935225141,
        9.837742815234275,
        9.926622053288641,
        9.928918278722978,
        9.82940456808502,
        9.951057124817247,
        9.915937563224071,
        9.888139100547747,
        9.931801640716115,
        9.919196116540277,
        9.893408043842841,
        9.91575877602589,
        9.807513497842512,
        9.99471555745732,
        9.955724900967619,
        9.863290691526274,
        9.846368034496876,
        9.989660053011901,
        9.963902999333488,
        9.996743356497596,
        10.107678099398456,
        9.917832389776736,
        9.8523693276536,
        10.001133188540695,
        10.0303115554629,
        9.92468778262466,
        10.00057148709931,
        10.071115359434248,
        10.03241724328751,
        9.98815342301078,
        9.937880677231927,
        9.927069731797166,
        9.94135443987729,
        9.987361092418574,
        9.908972976758449,
        9.843016810611022,
        10.00114937838498,
        9.952678023768364
    ],
    "averageOptimalReward": 9.888329714285714,
    "time": "2022-07-14_16-25"
}