{
    "averageRegrets": [
        2.095209543760144,
        1.47426494971051,
        1.503245967573409,
        1.4867671828017266,
        1.5379927643684597,
        1.5926635477131372,
        1.6774060608139358,
        1.550294639391381,
        1.442710032166172,
        1.4425092925243082,
        1.4615824304540401,
        1.4976099610395623,
        1.4942591857377046,
        1.479707005938596,
        1.4876528342675925,
        1.520635095750829,
        1.5109042005744882,
        1.5662917704863935,
        1.542372262432773,
        1.532408138865362,
        1.5549881700600983,
        1.5515170389290198,
        1.5126072443552012,
        1.5418958229490942,
        1.5461479683887476,
        1.5392370420937393,
        1.544168005912922,
        1.5545702362014224,
        1.554011773651113,
        1.5625160645304192,
        1.5418137998824633,
        1.5461479683887476,
        1.6104065894672226,
        1.546624407872426,
        1.5860336788013973,
        1.5558550321595406,
        1.5370031918925005,
        1.5327510464528473,
        1.5120487818048918,
        1.5412553373321538
    ],
    "averageExpectedRewards": [
        91.6981200704133,
        92.31906466446293,
        92.29008364660004,
        92.30656243137172,
        92.25533684980499,
        92.20066606646029,
        92.1159235533595,
        92.24303497478206,
        92.35061958200727,
        92.35082032164914,
        92.3317471837194,
        92.29571965313389,
        92.29907042843574,
        92.31362260823485,
        92.30567677990584,
        92.27269451842261,
        92.28242541359896,
        92.22703784368707,
        92.25095735174065,
        92.2609214753081,
        92.23834144411336,
        92.24181257524442,
        92.28072236981824,
        92.25143379122433,
        92.24718164578469,
        92.2540925720797,
        92.24916160826051,
        92.23875937797202,
        92.23931784052233,
        92.23081354964303,
        92.25151581429098,
        92.24718164578469,
        92.18292302470621,
        92.24670520630102,
        92.20729593537204,
        92.23747458201389,
        92.25632642228095,
        92.26057856772059,
        92.28128083236855,
        92.2520742768413
    ],
    "averageEnvRewards": [
        89.66398423141962,
        90.50921405966706,
        89.6714441222631,
        88.79568011297762,
        88.88031208247878,
        90.1957967859824,
        87.43738830623903,
        90.45182239178074,
        90.75990927902708,
        89.42704247631121,
        89.37692767938897,
        88.9331344842279,
        89.58735516767871,
        89.53985505014477,
        89.58148787882476,
        88.81005406648968,
        88.82717491457653,
        90.43076263226816,
        89.23230519426792,
        90.0623804044587,
        88.53610967071965,
        90.02964079839728,
        89.64873526506652,
        88.96785584355148,
        88.779444343877,
        89.18260904865147,
        88.34436978583412,
        88.77927106971478,
        89.78275254147604,
        89.1478116560222,
        90.3857226912472,
        89.78864683806276,
        88.65680880868891,
        90.65800526141965,
        88.85257494561719,
        88.41954775430527,
        88.5761719791769,
        88.64891033811853,
        89.10554156588557,
        88.389042368922
    ],
    "averageOptimalReward": 93.79332961417346,
    "time": "2022-07-16_17-08"
}