{
    "averageRegrets": [
        0.40280321975060573,
        0.05839460764084969,
        0.02211597171477024,
        0.006257896698872099,
        0.04150821666053451,
        0.013032516741101929,
        0.008990766688423779,
        0.006021356706976402,
        0.006257896698872099,
        0.0,
        0.0,
        0.0,
        0.0,
        0.05975726073689183,
        0.0029694099814473775,
        0.0,
        0.016776569837064235,
        0.014821468098392519,
        0.006021356706976402,
        0.007011160034125528,
        0.005031553379827276,
        0.010063106759654552,
        0.015094660139481828,
        0.0,
        0.005031553379827276,
        0.0202045547804712,
        0.011052910086803678,
        0.0,
        0.0,
        0.0,
        0.0,
        0.006257896698872099,
        0.0,
        0.0009898033271491258,
        0.0009898033271491258,
        0.005031553379827276,
        0.0,
        0.0,
        0.006257896698872099,
        0.0
    ],
    "averageExpectedRewards": [
        44.53849600067728,
        44.882904612787044,
        44.919183248713125,
        44.93504132372902,
        44.89979100376735,
        44.92826670368679,
        44.93230845373946,
        44.93527786372091,
        44.93504132372902,
        44.941299220427894,
        44.941299220427894,
        44.941299220427894,
        44.941299220427894,
        44.88154195969099,
        44.93832981044644,
        44.941299220427894,
        44.92452265059082,
        44.926477752329504,
        44.93527786372091,
        44.93428806039376,
        44.93626766704807,
        44.931236113668234,
        44.926204560288404,
        44.941299220427894,
        44.93626766704807,
        44.921094665647416,
        44.93024631034108,
        44.941299220427894,
        44.941299220427894,
        44.941299220427894,
        44.941299220427894,
        44.93504132372902,
        44.941299220427894,
        44.94030941710074,
        44.94030941710074,
        44.93626766704807,
        44.941299220427894,
        44.941299220427894,
        44.93504132372902,
        44.941299220427894
    ],
    "averageEnvRewards": [
        42.95845072787999,
        43.2416894783109,
        43.532367979945555,
        42.95502927690962,
        43.862347503556286,
        43.489041776230614,
        43.721362610541334,
        43.58234339716024,
        43.69747977933184,
        43.65131340804042,
        43.50379889229369,
        43.27610394206594,
        43.823884272684545,
        43.27000017615547,
        43.63118160177068,
        43.98674303123802,
        43.54263901089257,
        43.65064501270539,
        43.81771861040918,
        43.931857962983976,
        43.68319443775022,
        43.393201728160854,
        44.170349974204065,
        43.333200227213645,
        43.60634096149641,
        43.06279664524314,
        43.52612234766369,
        42.91377071205972,
        43.23818651757174,
        43.020880981746465,
        43.346124305818066,
        43.27554523976556,
        42.97356938863466,
        43.58801287663284,
        43.73205272873949,
        43.64299766733363,
        43.63549995680032,
        43.07745604828822,
        43.55598657212259,
        42.96634459124684
    ],
    "averageOptimalReward": 44.941299220427894,
    "time": "2022-07-14_16-18"
}