{
    "averageRegrets": [
        0.17247235910714212,
        0.022276655178571265,
        0.012009464892857001,
        0.022429842964285438,
        0.00432018685714282,
        0.012580907571428485,
        0.005301278142857084,
        0.004490413928571377,
        0.006260846464285668,
        0.005709773785714236,
        0.002156240678571413,
        0.001021895142857132,
        0.0020350888928571285,
        0.00208005428571425,
        0.0014581010357142743,
        0.004025345035714247,
        0.001021895142857132,
        0.0008320217142857001,
        0.0012888364285714182,
        0.0,
        0.0,
        0.003660694392857118,
        0.001437905999999982,
        0.0011141504999999884,
        0.0006058842857142821,
        0.0032605663928571183,
        0.00041601085714285005,
        0.001021895142857132,
        0.002657215178571408,
        0.0034147607142856807,
        0.0032223542142856766,
        0.007512473571428497,
        0.004855199785714235,
        0.004097712857142817,
        0.011907395714285602,
        0.00826990189285706,
        0.0033376928571428265,
        0.0020488564285714083,
        0.0024722906785714116,
        0.0034147021071428262
    ],
    "averageExpectedRewards": [
        9.71585735517857,
        9.866053059107143,
        9.876320249392856,
        9.865899871321428,
        9.88400952742857,
        9.875748806714284,
        9.883028436142856,
        9.883839300357142,
        9.882068867821427,
        9.882619940500001,
        9.886173473607142,
        9.887307819142857,
        9.886294625392857,
        9.886249659999999,
        9.886871613250001,
        9.884304369250001,
        9.887307819142857,
        9.887497692571428,
        9.887040877857142,
        9.888329714285714,
        9.888329714285714,
        9.884669019892858,
        9.886891808285714,
        9.887215563785714,
        9.88772383,
        9.885069147892857,
        9.887913703428572,
        9.887307819142857,
        9.885672499107143,
        9.884914953571428,
        9.885107360071428,
        9.880817240714286,
        9.8834745145,
        9.884232001428572,
        9.876422318571427,
        9.880059812392856,
        9.88499202142857,
        9.886280857857143,
        9.885857423607142,
        9.884915012178572
    ],
    "averageEnvRewards": [
        9.803353981735777,
        9.901475705594011,
        10.01972735737724,
        9.74109515448848,
        9.925459162240225,
        9.915242889584848,
        9.887548083697643,
        9.842799539520813,
        9.88336158376908,
        9.932867151456454,
        10.055892932408467,
        9.936901348296132,
        9.905436436125113,
        10.001916764542408,
        9.971365376732733,
        10.018635982744911,
        9.917840838651204,
        10.00841874807714,
        9.932751883267581,
        10.185535846871648,
        10.128131481280347,
        9.902902051212882,
        9.963553768996253,
        10.10985690672178,
        10.023624241397227,
        9.852886592360381,
        9.950710969092695,
        10.058521366927401,
        9.855152696963264,
        9.875997192470077,
        9.954604328331502,
        9.934826260028872,
        9.969970191904116,
        9.976632911671306,
        10.01339683685756,
        9.951493840681481,
        9.986255411408976,
        10.042976378688577,
        9.944004864208534,
        9.952274566291916
    ],
    "averageOptimalReward": 9.888329714285714,
    "time": "2022-07-14_16-18"
}