{
    "averageRegrets": [
        0.08052063333333383,
        0.0,
        0.0,
        0.0,
        0.0,
        0.0,
        0.004673250000000006,
        0.0,
        0.004673250000000006,
        0.004673250000000006,
        0.005578000000000012,
        0.0,
        0.0,
        0.0,
        0.0,
        0.0,
        0.0,
        0.0,
        0.0,
        0.0,
        0.0,
        0.0,
        0.0,
        0.0,
        0.0,
        0.0,
        0.004673250000000006,
        0.0,
        0.0,
        0.0,
        0.0,
        0.0,
        0.0,
        0.0,
        0.0,
        0.0,
        0.0,
        0.0,
        0.0,
        0.0
    ],
    "averageExpectedRewards": [
        14.292946033333337,
        14.37346666666667,
        14.37346666666667,
        14.37346666666667,
        14.37346666666667,
        14.37346666666667,
        14.368793416666671,
        14.37346666666667,
        14.368793416666671,
        14.368793416666671,
        14.36788866666667,
        14.37346666666667,
        14.37346666666667,
        14.37346666666667,
        14.37346666666667,
        14.37346666666667,
        14.37346666666667,
        14.37346666666667,
        14.37346666666667,
        14.37346666666667,
        14.37346666666667,
        14.37346666666667,
        14.37346666666667,
        14.37346666666667,
        14.37346666666667,
        14.37346666666667,
        14.368793416666671,
        14.37346666666667,
        14.37346666666667,
        14.37346666666667,
        14.37346666666667,
        14.37346666666667,
        14.37346666666667,
        14.37346666666667,
        14.37346666666667,
        14.37346666666667,
        14.37346666666667,
        14.37346666666667,
        14.37346666666667,
        14.37346666666667
    ],
    "averageEnvRewards": [
        14.526651551932286,
        14.641972473920859,
        14.51861160756327,
        14.593623724564377,
        14.759703273557161,
        15.06121194015091,
        14.640887364856177,
        14.678483163078152,
        14.919434690847222,
        15.050129254731665,
        14.747828489147087,
        14.726692519283889,
        14.710424486392759,
        14.668373571851332,
        14.762690101996828,
        14.735086685131387,
        14.851024407743164,
        14.632450191226177,
        14.866109150783721,
        14.681643600457845,
        14.665887346803533,
        14.795461617649284,
        14.549238398698089,
        14.595596025911624,
        14.700291333721943,
        14.71951112297797,
        14.605672972203187,
        14.606102137526907,
        14.602748600824375,
        14.565771738243289,
        14.79049913343431,
        14.442332093705527,
        15.128770154569363,
        14.645853806572882,
        14.757289502979434,
        14.397938470849097,
        14.585166839475137,
        14.403566879673395,
        14.85579528003031,
        14.788111091770567
    ],
    "averageOptimalReward": 14.37346666666667,
    "time": "2022-07-14_16-18"
}