{
    "averageRegrets": [
        0.6607149363591988,
        0.0715238222899656,
        0.02430643449306153,
        0.026785935389087783,
        0.021082559302724634,
        0.011900402053928474,
        0.009432306126536574,
        0.013580558766143013,
        0.02055010159502565,
        0.014086189151354702,
        0.0013591224025697101,
        0.002718244805132315,
        0.003647954884146927,
        0.008399550663370973,
        0.011367944346229493,
        0.015842563925232936,
        0.007116646322472065,
        0.002288832481584322,
        0.00654013050534175,
        0.0020386836038510125,
        0.0020386836038510125,
        0.009540939556720786,
        0.0035717368224832315,
        0.005181008102779145,
        0.0029683936828656244,
        0.0028921756212019287,
        0.0013591224025697101,
        0.0022126144199206264,
        0.0006795612012884078,
        0.0028921756212019287,
        0.0016773615767270655,
        7.105427357601002e-15,
        0.0006795612012884078,
        0.0022126144199206264,
        0.0006795612012884078,
        0.0053977288390994,
        0.0016773615767270655,
        0.0029683936828656244,
        0.0013591224025697101,
        0.0029934011263230784
    ],
    "averageExpectedRewards": [
        38.61466391943381,
        39.20385503350304,
        39.25107242129995,
        39.24859292040392,
        39.25429629649028,
        39.26347845373908,
        39.265946549666474,
        39.261798297026864,
        39.25482875419799,
        39.26129266664166,
        39.27401973339044,
        39.27266061098788,
        39.271730900908864,
        39.26697930512964,
        39.26401091144678,
        39.259536291867775,
        39.268262209470535,
        39.273090023311426,
        39.26883872528767,
        39.27334017218916,
        39.27334017218916,
        39.265837916236286,
        39.27180711897053,
        39.270197847690234,
        39.272410462110145,
        39.27248668017181,
        39.27401973339044,
        39.27316624137309,
        39.27469929459173,
        39.27248668017181,
        39.27370149421628,
        39.27537885579301,
        39.27469929459173,
        39.27316624137309,
        39.27469929459173,
        39.26998112695391,
        39.27370149421628,
        39.272410462110145,
        39.27401973339044,
        39.27238545466669
    ],
    "averageEnvRewards": [
        38.417378743981416,
        38.48937420951991,
        38.159419778247354,
        37.991542913803436,
        38.51485838724945,
        38.53688737991537,
        38.69336062002045,
        38.235772405361274,
        38.085855261609844,
        38.11928618488571,
        39.10879672008348,
        38.76934178594885,
        38.62596752174827,
        38.32019738842941,
        38.487601525024886,
        38.59683801265953,
        38.97567314043198,
        38.358306507121895,
        38.65737187728726,
        38.81758499673974,
        38.28138817741564,
        38.31393129668001,
        38.30999764736585,
        38.044240075672704,
        38.521205793197396,
        38.1935612606741,
        38.45121845839275,
        38.75456671702021,
        38.41186932165718,
        38.308442777743,
        38.00590901027576,
        38.85412004989402,
        38.915497681577996,
        38.42539082229781,
        38.69999822402567,
        38.62880295981235,
        38.247718814393174,
        38.65678138859071,
        38.01771025719924,
        38.83845343422691
    ],
    "averageOptimalReward": 39.27537885579301,
    "time": "2022-07-14_16-18"
}