{
    "averageRegrets": [
        0.5449790284368664,
        0.5775282926772967,
        0.5421059717661662,
        0.5438770260588355,
        0.5783775781527997,
        0.5421059717661663,
        0.6087477211798299,
        0.5783775781527997,
        0.4622117064368328,
        0.5421059717661663,
        0.5783775781527998,
        0.5438770260588355,
        0.5945561926267157,
        0.6818739938537788,
        0.5421059717661663,
        0.5783775781527999,
        0.6311236192131406,
        0.6294237729932293,
        0.5421059717661663,
        0.5421059717661662,
        0.6325232253783942,
        0.5364534901611059,
        0.5421059717661663,
        0.5421059717661663,
        0.4993325982989693,
        0.4622117064368328,
        0.6450193275664634,
        0.5421059717661662,
        0.4993325982989693,
        0.5421059717661663,
        0.5783775781527997,
        0.6458686130419663,
        0.5783775781527997,
        0.5989229053222817,
        0.5421059717661663,
        0.5866503995260324,
        0.5949926790629361,
        0.4993325982989693,
        0.6294237729932294,
        0.5421059717661663
    ],
    "averageExpectedRewards": [
        72.32886312007186,
        72.29631385583143,
        72.33173617674257,
        72.3299651224499,
        72.29546457035593,
        72.33173617674257,
        72.2650944273289,
        72.29546457035593,
        72.4116304420719,
        72.33173617674257,
        72.29546457035593,
        72.3299651224499,
        72.27928595588202,
        72.19196815465494,
        72.33173617674257,
        72.29546457035593,
        72.24271852929559,
        72.2444183755155,
        72.33173617674257,
        72.33173617674257,
        72.24131892313034,
        72.33738865834762,
        72.33173617674257,
        72.33173617674257,
        72.37450955020977,
        72.4116304420719,
        72.22882282094227,
        72.33173617674257,
        72.37450955020977,
        72.33173617674257,
        72.29546457035593,
        72.22797353546676,
        72.29546457035593,
        72.27491924318645,
        72.33173617674257,
        72.28719174898269,
        72.27884946944579,
        72.37450955020977,
        72.24441837551551,
        72.33173617674257
    ],
    "averageEnvRewards": [
        71.05201424203497,
        71.30142664873014,
        70.19570217483927,
        71.38369909025545,
        71.64035873624749,
        71.24895985334301,
        71.23613070872719,
        70.93999258913645,
        71.43505456330979,
        71.01320066741299,
        71.10562314123358,
        69.79816779545548,
        72.12692247025821,
        70.83487178648811,
        69.88829324591684,
        69.81439473638343,
        70.29569957414428,
        70.45343763988545,
        70.56560865720178,
        70.68814178497979,
        71.12253263575603,
        71.08724339921906,
        70.10372049544387,
        71.51057979485489,
        70.83463050113545,
        70.78238777084373,
        69.66299300792717,
        70.33558747987287,
        70.76612914434592,
        70.79728153501,
        71.11715579980257,
        71.13891251641438,
        71.54442730424059,
        69.7439477296652,
        71.1708883546046,
        69.97883918629006,
        70.53555227224861,
        71.99663360998602,
        70.54018358610134,
        71.1766060059863
    ],
    "averageOptimalReward": 72.87384214850874,
    "time": "2022-07-17_15-19"
}