{
    "averageRegrets": [
        0.531332793694097,
        1.4210854715202004e-14,
        1.4210854715202004e-14,
        0.04277337346721115,
        1.4210854715202004e-14,
        1.4210854715202004e-14,
        1.4210854715202004e-14,
        1.4210854715202004e-14,
        1.4210854715202004e-14,
        1.4210854715202004e-14,
        1.4210854715202004e-14,
        1.4210854715202004e-14,
        1.4210854715202004e-14,
        1.4210854715202004e-14,
        1.4210854715202004e-14,
        1.4210854715202004e-14,
        1.4210854715202004e-14,
        1.4210854715202004e-14,
        1.4210854715202004e-14,
        1.4210854715202004e-14,
        1.4210854715202004e-14,
        1.4210854715202004e-14,
        1.4210854715202004e-14,
        1.4210854715202004e-14,
        1.4210854715202004e-14,
        1.4210854715202004e-14,
        1.4210854715202004e-14,
        1.4210854715202004e-14,
        1.4210854715202004e-14,
        1.4210854715202004e-14,
        1.4210854715202004e-14,
        1.4210854715202004e-14,
        1.4210854715202004e-14,
        1.4210854715202004e-14,
        1.4210854715202004e-14,
        1.4210854715202004e-14,
        1.4210854715202004e-14,
        1.4210854715202004e-14,
        0.03712089186215072,
        1.4210854715202004e-14
    ],
    "averageExpectedRewards": [
        72.34250935481462,
        72.87384214850871,
        72.87384214850871,
        72.83106877504152,
        72.87384214850871,
        72.87384214850871,
        72.87384214850871,
        72.87384214850871,
        72.87384214850871,
        72.87384214850871,
        72.87384214850871,
        72.87384214850871,
        72.87384214850871,
        72.87384214850871,
        72.87384214850871,
        72.87384214850871,
        72.87384214850871,
        72.87384214850871,
        72.87384214850871,
        72.87384214850871,
        72.87384214850871,
        72.87384214850871,
        72.87384214850871,
        72.87384214850871,
        72.87384214850871,
        72.87384214850871,
        72.87384214850871,
        72.87384214850871,
        72.87384214850871,
        72.87384214850871,
        72.87384214850871,
        72.87384214850871,
        72.87384214850871,
        72.87384214850871,
        72.87384214850871,
        72.87384214850871,
        72.87384214850871,
        72.87384214850871,
        72.83672125664658,
        72.87384214850871
    ],
    "averageEnvRewards": [
        71.40411895634006,
        70.8481028954917,
        71.19908829527918,
        70.86168022005472,
        71.26931894879141,
        71.7305774052149,
        70.77303935118377,
        71.92097327366902,
        70.8646502032772,
        72.31291612913124,
        71.06031430748955,
        71.04413851655983,
        71.93489993217285,
        72.00159933255476,
        71.51153215134407,
        71.48870672251296,
        71.38069686084113,
        71.9512126275303,
        70.4665459367336,
        71.34536541717351,
        71.7461328900377,
        72.27378076111867,
        71.54160468097814,
        72.13158030800389,
        72.89067434253415,
        71.94943123182246,
        70.64222497191322,
        72.01423489748255,
        72.31018734044054,
        71.67138046607998,
        71.40094486888167,
        71.82813833148086,
        69.85170961501917,
        71.0819726096374,
        70.77343837201913,
        71.82279062059649,
        71.74578151504778,
        71.64886323449902,
        71.32756355175857,
        71.13408287745547
    ],
    "averageOptimalReward": 72.87384214850874,
    "time": "2022-07-14_16-18"
}