{
    "averageRegrets": [
        0.38671848983814455,
        0.0649858043148068,
        0.018839521104157764,
        0.018007506321067644,
        0.019259671455102146,
        0.018832592199527338,
        0.013444275109958836,
        0.012510774009476025,
        0.010818531705553375,
        0.014193904467655925,
        0.0027987084723355405,
        0.017041252724517987,
        0.0029849911952201016,
        0.0,
        0.00486038490625553,
        0.005199404269534929,
        0.0061386667829385335,
        0.0024242746575565866,
        0.007974533881513271,
        0.0,
        0.0,
        0.0024242746575565866,
        0.0,
        0.005469741228445566,
        0.0,
        0.0,
        0.0,
        0.0,
        0.0,
        0.0,
        0.00486038490625553,
        0.0,
        0.005421101443919045,
        0.0,
        0.0,
        0.0,
        0.0,
        0.005787811828516778,
        0.0,
        0.0024242746575565866
    ],
    "averageExpectedRewards": [
        8.079372200972198,
        8.401104886495537,
        8.447251169706185,
        8.448083184489276,
        8.44683101935524,
        8.447258098610817,
        8.452646415700386,
        8.453579916800868,
        8.45527215910479,
        8.451896786342688,
        8.463291982338008,
        8.449049438085826,
        8.463105699615124,
        8.466090690810343,
        8.461230305904088,
        8.460891286540809,
        8.459952024027405,
        8.463666416152787,
        8.458116156928831,
        8.466090690810343,
        8.466090690810343,
        8.463666416152787,
        8.466090690810343,
        8.460620949581898,
        8.466090690810343,
        8.466090690810343,
        8.466090690810343,
        8.466090690810343,
        8.466090690810343,
        8.466090690810343,
        8.461230305904088,
        8.466090690810343,
        8.460669589366425,
        8.466090690810343,
        8.466090690810343,
        8.466090690810343,
        8.466090690810343,
        8.460302878981826,
        8.466090690810343,
        8.463666416152787
    ],
    "averageEnvRewards": [
        7.448436311756426,
        7.687024145981186,
        7.681799415998979,
        7.656904271353585,
        7.652038011481468,
        7.650459096784286,
        7.708074407410206,
        7.692915005407769,
        7.692151970493489,
        7.688286831048012,
        7.698023808928593,
        7.630730264476624,
        7.690520950201059,
        7.681610353543233,
        7.699579769929301,
        7.739970224028915,
        7.654932462337363,
        7.790360313181155,
        7.632032416068021,
        7.746129097249578,
        7.724276544930974,
        7.670854750810646,
        7.729609736255294,
        7.724465433076807,
        7.759378381594434,
        7.748552827261338,
        7.685936393197486,
        7.682757057812159,
        7.746099398591432,
        7.728273085002502,
        7.747375132565066,
        7.718008824214933,
        7.691651184299743,
        7.696243647799992,
        7.71100310679156,
        7.736774326333579,
        7.71958667810676,
        7.7705054514928955,
        7.695663390213452,
        7.724715937674021
    ],
    "averageOptimalReward": 8.466090690810343,
    "time": "2022-07-14_16-18"
}