{
    "averageRegrets": [
        0.18908803339285643,
        0.2459412569285705,
        0.2057539036785706,
        0.1853283639642849,
        0.19131882907142755,
        0.12737134296428512,
        0.19931512107142774,
        0.1725796483571421,
        0.16469458446428528,
        0.18875360457142787,
        0.20952054599999934,
        0.2565517003928561,
        0.3871980978214256,
        0.19731360367857076,
        0.2333847810357132,
        0.1770754557499991,
        0.24288452932142746,
        0.19146037314285638,
        0.18058018839285628,
        0.19882529249999903,
        0.18533464674999933,
        0.17761667139285653,
        0.1753770441071422,
        0.14969827649999934,
        0.2349600715714277,
        0.12736825553571382,
        0.15477627421428514,
        0.157128106821428,
        0.22333646032142795,
        0.258630589214284,
        0.21280661446428495,
        0.2102092731785704,
        0.19671800774999934,
        0.27642072660714156,
        0.24457137921428507,
        0.21361143264285615,
        0.16525640967857072,
        0.21590293024999913,
        0.19104424189285654,
        0.2087528237857131
    ],
    "averageExpectedRewards": [
        9.699241680892857,
        9.642388457357143,
        9.682575810607142,
        9.70300135032143,
        9.697010885214286,
        9.76095837132143,
        9.689014593214285,
        9.715750065928571,
        9.723635129821428,
        9.699576109714284,
        9.678809168285714,
        9.631778013892857,
        9.501131616464285,
        9.691016110607142,
        9.65494493325,
        9.711254258535712,
        9.645445184964284,
        9.696869341142857,
        9.707749525892858,
        9.689504421785713,
        9.702995067535715,
        9.710713042892856,
        9.712952670178572,
        9.738631437785715,
        9.653369642714285,
        9.76096145875,
        9.733553440071427,
        9.731201607464286,
        9.664993253964285,
        9.629699125071427,
        9.675523099821428,
        9.678120441107142,
        9.691611706535713,
        9.611908987678571,
        9.643758335071427,
        9.674718281642857,
        9.723073304607142,
        9.672426784035714,
        9.697285472392856,
        9.6795768905
    ],
    "averageEnvRewards": [
        9.73721824721099,
        9.767848599051575,
        9.684351105861587,
        9.833341018218237,
        9.748240056342786,
        9.91489675003114,
        9.661025942641675,
        9.854433620699128,
        9.754391678948755,
        9.875144426390698,
        9.776715826139354,
        9.737780195754103,
        9.538909627327998,
        9.766096626412727,
        9.6529150645353,
        9.812374505963994,
        9.733671636225926,
        9.956762847634371,
        9.778691836652198,
        9.71798930777485,
        9.818130142990515,
        9.715920983644951,
        9.747215010330558,
        9.840611741289376,
        9.623287911496904,
        9.650731057784936,
        9.8194975299695,
        9.792376777679337,
        9.783192894919521,
        9.681267206083398,
        9.779157257523638,
        9.817375407784171,
        9.792125045130772,
        9.667850930399506,
        9.543364310064874,
        9.866641056176867,
        9.739088007504577,
        9.868276605069385,
        9.844894908826909,
        9.704406915605789
    ],
    "averageOptimalReward": 9.888329714285714,
    "time": "2022-07-17_15-19"
}