{
    "averageRegrets": [
        2.3251119052029505,
        2.5469531842132884,
        2.669893462456871,
        1.877643798382417,
        2.2998294302301194,
        3.0569212167205753,
        2.709369031781851,
        2.708603827751474,
        2.2547339595471,
        3.298366416732591,
        4.196371584646165,
        2.7385699522142333,
        3.09311930792067,
        3.02858020149812,
        3.717700318698776,
        3.803485432796477,
        2.671255460840299,
        2.9339342894892173,
        2.180566138012594,
        2.1957803626776413,
        1.9946519826067128,
        3.2441276748621486,
        2.3866939752226997,
        1.9661819485643657,
        2.6508977609163686,
        3.204361858526096,
        5.439454021314788,
        2.2077152122298718,
        3.7849929427016074,
        2.490420794415282
    ],
    "averageExpectedRewards": [
        91.4682177089705,
        91.24637642996016,
        91.12343615171658,
        91.91568581579102,
        91.49350018394333,
        90.73640839745286,
        91.0839605823916,
        91.08472578642197,
        91.53859565462635,
        90.49496319744085,
        89.59695802952729,
        91.05475966195921,
        90.70021030625277,
        90.76474941267533,
        90.07562929547467,
        89.98984418137697,
        91.12207415333314,
        90.85939532468423,
        91.61276347616086,
        91.5975492514958,
        91.79867763156673,
        90.54920193931129,
        91.40663563895075,
        91.82714766560908,
        91.14243185325708,
        90.58896775564735,
        88.35387559285866,
        91.58561440194357,
        90.00833667147182,
        91.30290881975816
    ],
    "averageEnvRewards": [
        89.16639523181804,
        88.08264944149691,
        88.2572661869558,
        90.41859855552715,
        88.30968563588021,
        87.83332327279345,
        88.4030642218516,
        88.57807384373545,
        89.76110627250205,
        87.83975231752657,
        86.35668989982162,
        87.43612531196031,
        87.1920826087681,
        87.28117933272993,
        85.5858687528746,
        86.75948653790242,
        88.26006178766532,
        89.15165339043949,
        88.30771652066063,
        88.40771310015568,
        90.4480939937998,
        87.50757598487105,
        88.48044030138827,
        89.39691774869294,
        88.82776108320378,
        88.75808418176523,
        84.69674772116969,
        89.39710532161077,
        86.59824386435493,
        88.0823375944981
    ],
    "averageOptimalReward": 93.79332961417344,
    "time": "2022-07-17_15-51"
}