{
    "averageRegrets": [
        0.5049850799040297,
        0.5421059717661663,
        0.5225586599292608,
        0.5877524019040634,
        0.5421059717661663,
        0.4993325982989693,
        0.5049850799040297,
        0.5543784775624157,
        0.5783775781527997,
        0.610518775472499,
        0.590650083949049,
        0.5421059717661663,
        0.5151351240315312,
        0.5421059717661663,
        0.5579084974987282,
        0.5421059717661663,
        0.5284614298329693,
        0.5421059717661663,
        0.6087477211798299,
        0.5421059717661663,
        0.49933259829896925,
        0.5421059717661663,
        0.5421059717661663,
        0.5891995312214467,
        0.5356042046856028,
        0.5877524019040634,
        0.5356042046856028,
        0.6498978920899533,
        0.5941801038853615,
        0.5421059717661662,
        0.6112080038347806,
        0.5049850799040297,
        0.5421059717661663,
        0.5049850799040297,
        0.5438770260588355,
        0.6087477211798299,
        0.6393964405863732,
        0.49848331282346625,
        0.5421059717661662,
        0.49848331282346625
    ],
    "averageExpectedRewards": [
        72.3688570686047,
        72.33173617674257,
        72.35128348857947,
        72.28608974660466,
        72.33173617674257,
        72.37450955020977,
        72.3688570686047,
        72.31946367094632,
        72.29546457035593,
        72.26332337303623,
        72.28319206455969,
        72.33173617674257,
        72.3587070244772,
        72.33173617674257,
        72.31593365101,
        72.33173617674257,
        72.34538071867576,
        72.33173617674257,
        72.26509442732889,
        72.33173617674257,
        72.37450955020977,
        72.33173617674257,
        72.33173617674257,
        72.28464261728728,
        72.33823794382313,
        72.28608974660466,
        72.33823794382312,
        72.22394425641878,
        72.27966204462338,
        72.33173617674257,
        72.26263414467395,
        72.3688570686047,
        72.33173617674257,
        72.3688570686047,
        72.32996512244989,
        72.2650944273289,
        72.23444570792235,
        72.37535883568526,
        72.33173617674257,
        72.37535883568526
    ],
    "averageEnvRewards": [
        71.73596751020203,
        69.84930765524634,
        70.498689763362,
        71.22509227992319,
        72.09783393084342,
        71.92848412294965,
        71.4026430197965,
        71.70074344770916,
        70.74818435132006,
        71.63725443226843,
        71.62115287030772,
        70.27885714874286,
        70.48157270103172,
        71.40222941449223,
        70.81280786317149,
        71.01535660160937,
        69.89286829399407,
        70.69844388323725,
        70.57773080078013,
        70.67489353836122,
        70.79893531385055,
        70.31137680896842,
        70.91904361879917,
        71.36252148137645,
        71.37310032217853,
        70.89146534271865,
        71.40526883075178,
        70.40502206559466,
        70.42348669046287,
        70.77949466376899,
        71.08660314424857,
        70.43558837825225,
        70.75365327649708,
        71.46746812637357,
        71.47603751813229,
        71.96016244786877,
        72.10489683898705,
        69.71831885016233,
        70.70523233995053,
        71.05907505139906
    ],
    "averageOptimalReward": 72.87384214850874,
    "time": "2022-07-17_15-20"
}