{
    "averageRegrets": [
        0.37598350275328185,
        0.04798409734173267,
        0.049631088446523836,
        0.013127340238582051,
        0.014551666616083505,
        0.020712427486732726,
        0.006382455456345771,
        0.008993865622539872,
        0.004496932811273489,
        0.005743592372533115,
        7.105427357601002e-15,
        0.0025805259529741954,
        0.004634651663431608,
        0.0013591224025697101,
        0.0019009647516928928,
        0.005921923271824187,
        0.0048848005411649175,
        0.0006795612012884078,
        0.0025805259529741954,
        0.005921923271824187,
        0.0025805259529741954,
        0.0006795612012884078,
        0.00407736720769492,
        0.005860569304060448,
        0.0006795612012884078,
        7.105427357601002e-15,
        0.0022126144199206264,
        0.0025805259529741954,
        7.105427357601002e-15,
        0.0006795612012884078,
        7.105427357601002e-15,
        0.0006795612012884078,
        0.0006795612012884078,
        0.0016092712803030195,
        0.003510236031988807,
        7.105427357601002e-15,
        0.0020386836038510125,
        0.0042052393398836155,
        0.0032600871542554978,
        0.0013591224025697101
    ],
    "averageExpectedRewards": [
        38.89939535303973,
        39.227394758451275,
        39.22574776734648,
        39.262251515554425,
        39.26082718917692,
        39.25466642830628,
        39.26899640033666,
        39.26638499017047,
        39.27088192298174,
        39.269635263420476,
        39.27537885579301,
        39.272798329840036,
        39.27074420412958,
        39.27401973339044,
        39.273477891041324,
        39.26945693252119,
        39.270494055251845,
        39.27469929459173,
        39.272798329840036,
        39.26945693252119,
        39.272798329840036,
        39.27469929459173,
        39.271301488585316,
        39.26951828648895,
        39.27469929459173,
        39.27537885579301,
        39.27316624137309,
        39.272798329840036,
        39.27537885579301,
        39.27469929459173,
        39.27537885579301,
        39.27469929459173,
        39.27469929459173,
        39.27376958451271,
        39.27186861976102,
        39.27537885579301,
        39.27334017218916,
        39.271173616453126,
        39.272118768638755,
        39.27401973339044
    ],
    "averageEnvRewards": [
        37.91735690400155,
        38.73029310283098,
        38.112474903407445,
        38.579127564752284,
        38.53246544747724,
        38.34253001449329,
        39.018789673927444,
        38.80951966161241,
        38.51803426746467,
        38.43759935582198,
        38.34572468314663,
        38.864224169496275,
        38.55216431742146,
        38.60407651119932,
        38.57946763031957,
        38.098815599992456,
        38.54650951622441,
        38.142518946885296,
        38.10874122057201,
        38.40951382076976,
        38.72785728669696,
        38.701202976525565,
        38.48926043512083,
        38.73768621532235,
        38.48833081470139,
        38.508902599169225,
        38.639603846076085,
        38.48058520965898,
        38.046557785977015,
        38.40828929019042,
        38.62096659080296,
        38.64116159618625,
        38.33397844876109,
        38.60736328100347,
        38.00675196051061,
        38.77809410246903,
        38.35258049962206,
        38.489340561729485,
        38.51311572963716,
        38.07528609338062
    ],
    "averageOptimalReward": 39.27537885579301,
    "time": "2022-07-14_16-25"
}