{
    "averageRegrets": [
        0.4989941197954873,
        1.4210854715202004e-14,
        1.4210854715202004e-14,
        1.4210854715202004e-14,
        1.4210854715202004e-14,
        1.4210854715202004e-14,
        1.4210854715202004e-14,
        0.03712089186215072,
        1.4210854715202004e-14,
        1.4210854715202004e-14,
        1.4210854715202004e-14,
        1.4210854715202004e-14,
        1.4210854715202004e-14,
        1.4210854715202004e-14,
        1.4210854715202004e-14,
        1.4210854715202004e-14,
        1.4210854715202004e-14,
        1.4210854715202004e-14,
        1.4210854715202004e-14,
        1.4210854715202004e-14,
        1.4210854715202004e-14,
        1.4210854715202004e-14,
        1.4210854715202004e-14,
        1.4210854715202004e-14,
        1.4210854715202004e-14,
        1.4210854715202004e-14,
        0.0456464301379113,
        1.4210854715202004e-14,
        1.4210854715202004e-14,
        1.4210854715202004e-14,
        1.4210854715202004e-14,
        1.4210854715202004e-14,
        1.4210854715202004e-14,
        1.4210854715202004e-14,
        0.04277337346721115,
        1.4210854715202004e-14,
        1.4210854715202004e-14,
        1.4210854715202004e-14,
        1.4210854715202004e-14,
        1.4210854715202004e-14
    ],
    "averageExpectedRewards": [
        72.37484802871325,
        72.87384214850871,
        72.87384214850871,
        72.87384214850871,
        72.87384214850871,
        72.87384214850871,
        72.87384214850871,
        72.83672125664658,
        72.87384214850871,
        72.87384214850871,
        72.87384214850871,
        72.87384214850871,
        72.87384214850871,
        72.87384214850871,
        72.87384214850871,
        72.87384214850871,
        72.87384214850871,
        72.87384214850871,
        72.87384214850871,
        72.87384214850871,
        72.87384214850871,
        72.87384214850871,
        72.87384214850871,
        72.87384214850871,
        72.87384214850871,
        72.87384214850871,
        72.82819571837082,
        72.87384214850871,
        72.87384214850871,
        72.87384214850871,
        72.87384214850871,
        72.87384214850871,
        72.87384214850871,
        72.87384214850871,
        72.83106877504152,
        72.87384214850871,
        72.87384214850871,
        72.87384214850871,
        72.87384214850871,
        72.87384214850871
    ],
    "averageEnvRewards": [
        70.88250819983979,
        71.12350678359233,
        70.65802895758945,
        71.31522851729167,
        71.5452857110481,
        72.27372793175657,
        71.66637247455884,
        71.91966251218965,
        72.02984192806542,
        72.19325253764335,
        71.36648965189556,
        71.98864737272302,
        71.5581604657027,
        70.29576664269611,
        70.97278732846834,
        71.2144113025889,
        71.13856977829944,
        71.15845597326292,
        71.23585280009688,
        72.97314244150252,
        71.269273683925,
        72.26092665941843,
        71.41423757346077,
        71.46710635365643,
        70.91703476512228,
        71.48762515500871,
        70.82438341691551,
        72.0841886270376,
        71.36799253319403,
        70.73754227790155,
        70.76103039465318,
        70.4534309384882,
        71.44378712642548,
        71.23070058764922,
        71.11537113267873,
        71.08951481852402,
        70.8633899480469,
        71.5634014134926,
        71.7470732401916,
        71.2121718656353
    ],
    "averageOptimalReward": 72.87384214850874,
    "time": "2022-07-14_16-25"
}