{
    "averageRegrets": [
        0.1875609231071422,
        0.23126923317857048,
        0.23115218310714186,
        0.19797196949999918,
        0.1346396577142852,
        0.15315411232142762,
        0.16884102632142778,
        0.19569299614285626,
        0.24021183739285618,
        0.16500821357142784,
        0.24722816335714196,
        0.19555443403571368,
        0.15338968660714192,
        0.18758835546428507,
        0.17688262492857076,
        0.2890386287142847,
        0.1531770011071422,
        0.18862990121428466,
        0.2496931858214273,
        0.30836024182142713,
        0.22512271539285628,
        0.19161426982142757,
        0.1833302709285708,
        0.17193877585714185,
        0.26789849182142744,
        0.2111640711071421,
        0.23749538335714201,
        0.2566625042499976,
        0.16465092464285658,
        0.16755376099999933,
        0.179873870321428,
        0.2147984654999991,
        0.22577048110714187,
        0.1178273241428567,
        0.24333570732142767,
        0.26884925410714194,
        0.24242079189285629,
        0.19813327074999912,
        0.2447875340357137,
        0.24988389232142744
    ],
    "averageExpectedRewards": [
        9.700768791178572,
        9.657060481107141,
        9.65717753117857,
        9.690357744785713,
        9.753690056571427,
        9.735175601964285,
        9.719488687964285,
        9.692636718142857,
        9.648117876892856,
        9.723321500714285,
        9.641101550928571,
        9.69277528025,
        9.734940027678572,
        9.700741358821428,
        9.711447089357142,
        9.599291085571428,
        9.735152713178572,
        9.699699813071428,
        9.638636528464286,
        9.579969472464287,
        9.663206998892855,
        9.696715444464285,
        9.704999443357142,
        9.716390938428571,
        9.620431222464285,
        9.67716564317857,
        9.650834330928571,
        9.631667210035713,
        9.723678789642856,
        9.720775953285713,
        9.708455843964286,
        9.673531248785714,
        9.662559233178571,
        9.770502390142859,
        9.644994006964286,
        9.61948046017857,
        9.645908922392858,
        9.690196443535715,
        9.64354218025,
        9.638445821964286
    ],
    "averageEnvRewards": [
        9.778892195558457,
        9.676361194017892,
        9.748588410133594,
        9.794918965630577,
        9.782267219027954,
        9.706042763315487,
        9.735947587873941,
        9.797841706992486,
        9.623741110247693,
        9.8029998808819,
        9.680310628655981,
        9.645127854282423,
        9.884656122472915,
        9.737462948317454,
        9.732054088047686,
        9.640299131707325,
        9.813501062967465,
        9.773385220024615,
        9.76857786578424,
        9.792361929283919,
        9.790419258064658,
        9.758102883618362,
        9.622569232259826,
        9.831479368638776,
        9.645667404493684,
        9.76846220968803,
        9.811201021552149,
        9.856426420057856,
        9.769553005814226,
        9.743353709800077,
        9.763029477925706,
        9.809165253292143,
        9.749960499564374,
        9.862103926870871,
        9.661833750398479,
        9.535543809830209,
        9.569763862559258,
        9.748439839676632,
        9.789820022697933,
        9.767851867183062
    ],
    "averageOptimalReward": 9.888329714285714,
    "time": "2022-07-17_15-20"
}