{
    "averageRegrets": [
        1.4433055507117176,
        1.991828963377562,
        1.5591035750768947,
        2.1523225812429576,
        1.7986084084727196,
        3.6900899013756328,
        1.762443859188885,
        2.525669216287289,
        2.0896141916598454,
        2.3165302268768126,
        2.7243768327775677,
        2.0945700227842026,
        1.1572027196779167,
        2.3354097305518917,
        1.6677875589562114,
        1.715203413062439,
        2.1262670023556307,
        1.2874372186063132,
        1.506709600025927,
        2.6706662945023796,
        2.3778404578817147,
        2.356128430044318,
        1.8533814442313927,
        2.007189547574611,
        2.5444238594248163,
        1.2032214099982406,
        2.982526814139821,
        1.7717444306037293,
        2.1617577887499873,
        2.1420688537222374,
        2.547537838345403,
        1.5576604012332098,
        2.109707804723773,
        2.4675122024560734,
        2.190082843829001,
        2.055951113428886,
        2.0755393126802546,
        1.853922262505048,
        1.6368937832183774,
        1.5509109764076274
    ],
    "averageExpectedRewards": [
        92.35002406346172,
        91.80150065079587,
        92.23422603909654,
        91.64100703293049,
        91.99472120570071,
        90.10323971279782,
        92.03088575498455,
        91.26766039788616,
        91.7037154225136,
        91.47679938729664,
        91.06895278139585,
        91.69875959138925,
        92.63612689449553,
        91.45791988362154,
        92.12554205521725,
        92.078126201111,
        91.66706261181781,
        92.50589239556713,
        92.28662001414752,
        91.12266331967108,
        91.41548915629173,
        91.43720118412912,
        91.93994816994206,
        91.78614006659883,
        91.24890575474863,
        92.59010820417521,
        90.81080280003361,
        92.0215851835697,
        91.63157182542345,
        91.65126076045118,
        91.24579177582804,
        92.23566921294022,
        91.68362180944969,
        91.32581741171737,
        91.60324677034446,
        91.73737850074457,
        91.71779030149318,
        91.9394073516684,
        92.15643583095508,
        92.24241863776582
    ],
    "averageEnvRewards": [
        90.93057247569854,
        89.11480011436784,
        89.54599690316856,
        88.50591371504078,
        88.35163612658454,
        85.84095882874627,
        89.43443517869454,
        88.79419348184045,
        88.9256539845634,
        89.20928255440555,
        88.0600935494676,
        88.31061794757365,
        90.98225988482221,
        88.74033411164822,
        90.54157028333317,
        88.81607281809065,
        88.83198575581882,
        89.46000290328166,
        89.42591820288679,
        88.18370261050704,
        87.2622238116434,
        88.3338369613879,
        89.7657282199334,
        88.72576247832369,
        87.9784252582004,
        90.65600156313828,
        87.2784583909302,
        90.54889537411306,
        89.9309001554032,
        89.39656498422165,
        87.48250290765452,
        90.11745044107545,
        88.08622403643807,
        87.57944619406202,
        88.92283917668003,
        89.22480876452757,
        89.07928439338635,
        89.80246928959009,
        89.68071382053607,
        90.83767739693198
    ],
    "averageOptimalReward": 93.79332961417346,
    "time": "2022-07-17_16-44"
}