{
    "averageRegrets": [
        0.509925083687586,
        0.10479502172532641,
        0.07898838867819316,
        0.038499194000045575,
        0.050623872488632246,
        0.09228543238996291,
        0.06876347899353803,
        0.13134896651832675,
        0.06581165978418926,
        0.11910774846397315,
        0.0765591293334596,
        0.052716289696537896,
        0.03922680812430203,
        0.0708399484493402,
        0.046332428441962496,
        0.037942763508375145,
        0.05680158593058317,
        0.08555923656626453,
        0.061108977729356403,
        0.024497109735591716,
        0.008235757668358079,
        0.011010794958408905,
        0.008235757668358079,
        0.002436110248698944,
        0.0,
        0.013757238194233554,
        0.012148175785839427,
        0.0027987084723355405,
        0.0027987084723355405,
        0.005234818721034484,
        0.0,
        0.0027987084723355405,
        0.013866462089472764,
        0.0029849911952201016,
        0.012318510756620495,
        0.0,
        0.005787811828516778,
        0.0,
        0.0,
        0.0
    ],
    "averageExpectedRewards": [
        7.956165607122757,
        8.361295669085017,
        8.387102302132151,
        8.427591496810297,
        8.415466818321711,
        8.37380525842038,
        8.397327211816805,
        8.334741724292016,
        8.400279031026153,
        8.346982942346369,
        8.389531561476883,
        8.413374401113806,
        8.42686388268604,
        8.395250742361002,
        8.41975826236838,
        8.428147927301968,
        8.409289104879761,
        8.380531454244078,
        8.404981713080987,
        8.44159358107475,
        8.457854933141984,
        8.455079895851934,
        8.457854933141984,
        8.463654580561645,
        8.466090690810343,
        8.45233345261611,
        8.453942515024503,
        8.463291982338008,
        8.463291982338008,
        8.460855872089308,
        8.466090690810343,
        8.463291982338008,
        8.45222422872087,
        8.463105699615124,
        8.453772180053724,
        8.466090690810343,
        8.460302878981826,
        8.466090690810343,
        8.466090690810343,
        8.466090690810343
    ],
    "averageEnvRewards": [
        7.443655319213744,
        7.707352348249106,
        7.609356594649639,
        7.7138988542047375,
        7.677171103558845,
        7.645944012160794,
        7.6312092872624415,
        7.6905781615338,
        7.61465700837894,
        7.65599374301458,
        7.646739441150666,
        7.710564735420788,
        7.671523720179712,
        7.646843362456224,
        7.687026743490171,
        7.618256560897708,
        7.668201988771533,
        7.679923553649522,
        7.685417464006304,
        7.6468177286763295,
        7.672748961817065,
        7.717462962872471,
        7.711308027498169,
        7.741719883329526,
        7.674353828913277,
        7.694593109320415,
        7.66419744371859,
        7.675609366087824,
        7.703004534920374,
        7.764987115321292,
        7.708171145780446,
        7.767507561683826,
        7.709146318433228,
        7.7495138100187315,
        7.770472326322138,
        7.690322157959085,
        7.643312252514732,
        7.697457279647083,
        7.674726101272517,
        7.718474814165417
    ],
    "averageOptimalReward": 8.466090690810343,
    "time": "2022-07-14_16-25"
}