{
    "averageRegrets": [
        0.06183053333333341,
        0.004673250000000006,
        0.006482750000000017,
        0.005241000000000016,
        0.009346500000000013,
        0.0,
        0.0,
        0.0,
        0.005241000000000016,
        0.0,
        0.0,
        0.0005677500000000091,
        0.0,
        0.0,
        0.0009047500000000053,
        0.0,
        0.0,
        0.0,
        0.0,
        0.0,
        0.0,
        0.0,
        0.0,
        0.0,
        0.0,
        0.0,
        0.0,
        0.0,
        0.0,
        0.0,
        0.0,
        0.0,
        0.0,
        0.0,
        0.0,
        0.0,
        0.0,
        0.0,
        0.0,
        0.0
    ],
    "averageExpectedRewards": [
        14.311636133333336,
        14.368793416666671,
        14.366983916666667,
        14.368225666666671,
        14.364120166666671,
        14.37346666666667,
        14.37346666666667,
        14.37346666666667,
        14.368225666666671,
        14.37346666666667,
        14.37346666666667,
        14.372898916666673,
        14.37346666666667,
        14.37346666666667,
        14.372561916666669,
        14.37346666666667,
        14.37346666666667,
        14.37346666666667,
        14.37346666666667,
        14.37346666666667,
        14.37346666666667,
        14.37346666666667,
        14.37346666666667,
        14.37346666666667,
        14.37346666666667,
        14.37346666666667,
        14.37346666666667,
        14.37346666666667,
        14.37346666666667,
        14.37346666666667,
        14.37346666666667,
        14.37346666666667,
        14.37346666666667,
        14.37346666666667,
        14.37346666666667,
        14.37346666666667,
        14.37346666666667,
        14.37346666666667,
        14.37346666666667,
        14.37346666666667
    ],
    "averageEnvRewards": [
        14.898508059137463,
        14.763169650229989,
        14.840457147764512,
        14.476795516403781,
        14.753624863424161,
        14.471462534743742,
        15.098995471549358,
        14.466416075520824,
        14.70461074560395,
        14.38125255652759,
        14.807389585780836,
        14.406993803243756,
        14.951306978749944,
        14.680931996206493,
        14.862864527885176,
        14.77135833620233,
        15.120117642836398,
        14.694225118147306,
        14.966850785899508,
        14.513711494334352,
        14.790018200998896,
        14.861696064586203,
        14.87318311880203,
        14.46325423936044,
        14.816564121629876,
        14.529204358259529,
        14.55530497179705,
        14.818489016478274,
        14.600799199266493,
        14.587823094973977,
        14.925685596552457,
        14.774738417452756,
        14.910172264911264,
        14.846778552639028,
        14.678471646572497,
        14.554205187170476,
        14.886601943022738,
        14.906538208747575,
        14.543235619431544,
        14.78838448070328
    ],
    "averageOptimalReward": 14.37346666666667,
    "time": "2022-07-14_16-25"
}