{
    "averageRegrets": [
        1.5103122722434728,
        0.5779751948928805,
        0.41738616649580335,
        0.31026936270484495,
        0.30979292322116636,
        0.4427655072375285,
        0.34303606922525687,
        0.5580820270828969,
        0.5134219216187316,
        0.6500881885244371,
        0.8443706046943953,
        1.0975822806852973,
        1.1086633293533275,
        0.9529701854505953,
        0.9092044533287843,
        0.9683033795582786,
        0.8992403297613736,
        0.9912535701588021,
        0.949276502561252,
        0.8827902105530708,
        0.8347723329916067,
        0.9899890374106604,
        1.160374889804135,
        1.2010054015869123,
        1.1044111839136743,
        1.2004211278955106,
        1.034395255149412,
        0.9862133314546858,
        1.0970238181349876,
        0.9751322827866556,
        1.096547378651309,
        0.9651681592192449,
        0.9377190144095431,
        0.949358525627883,
        0.7830607725407992,
        0.7165744805326182,
        0.723961846311305,
        0.823296867906529,
        0.8384660158809502,
        0.6659798451824301
    ],
    "averageExpectedRewards": [
        92.28301734192995,
        93.21535441928056,
        93.37594344767764,
        93.4830602514686,
        93.48353669095228,
        93.35056410693592,
        93.45029354494818,
        93.23524758709056,
        93.27990769255472,
        93.143241425649,
        92.94895900947904,
        92.69574733348814,
        92.68466628482012,
        92.84035942872283,
        92.88412516084465,
        92.82502623461517,
        92.89408928441208,
        92.80207604401465,
        92.8440531116122,
        92.91053940362036,
        92.95855728118183,
        92.80334057676278,
        92.6329547243693,
        92.59232421258653,
        92.68891843025976,
        92.59290848627792,
        92.75893435902402,
        92.80711628271874,
        92.69630579603847,
        92.81819733138678,
        92.69678223552214,
        92.82816145495421,
        92.85561059976389,
        92.84397108854554,
        93.01026884163264,
        93.07675513364083,
        93.06936776786213,
        92.97003274626691,
        92.95486359829246,
        93.12734976899101
    ],
    "averageEnvRewards": [
        90.65494303170057,
        90.28405503841643,
        90.99873349495321,
        91.62422468300184,
        90.92276794585153,
        91.57566572025002,
        90.07078337300456,
        90.98854075785255,
        90.45941257523832,
        91.67129076271567,
        89.87015785555059,
        90.02364845199169,
        89.70070833604335,
        89.1736156738648,
        89.76256637635316,
        89.39347776761471,
        89.51373645231851,
        90.96161326746923,
        90.57862185453757,
        90.84119322322826,
        91.18282011966437,
        89.8181175239871,
        90.10102710823507,
        90.0969906303057,
        89.17512321709438,
        90.3866496539732,
        89.77041121062443,
        90.35591387492667,
        90.63117640294695,
        90.52343529327783,
        90.38843224891293,
        90.14481716872538,
        91.21588462619891,
        91.41264174341967,
        90.08583765522059,
        89.73283874564979,
        91.09864065942983,
        90.51138346747074,
        89.32538461920778,
        89.5048243219695
    ],
    "averageOptimalReward": 93.79332961417346,
    "time": "2022-07-16_17-08"
}