{
    "averageRegrets": [
        0.24310972735714168,
        0.07110440521428518,
        0.059750737249999505,
        0.018378499749999836,
        0.01812007317857129,
        0.010390302214285621,
        0.010875866357142772,
        0.00936300439285708,
        0.005899365642857104,
        0.0076178837142856625,
        0.0033376342499999725,
        0.0007133271428571409,
        0.006176317071428521,
        0.00475206139285711,
        0.004421816571428554,
        0.00485477764285712,
        0.0019747489285714126,
        0.006053124964285672,
        0.004839590142857117,
        0.0039306152142856736,
        0.00500364214285709,
        0.01155730221428565,
        0.006091277571428529,
        0.005427603642857095,
        0.0029966440714285446,
        0.004542861357142827,
        0.006371945035714232,
        0.004931564571428532,
        0.0037736498571428177,
        0.002590327285714267,
        0.003384078214285671,
        0.005910403714285666,
        0.004672519071428538,
        0.005253762428571398,
        0.004109236928571405,
        0.0019747489285714126,
        0.0019844429999999846,
        0.003894351214285687,
        0.0021360456428571204,
        0.0011886852857142705
    ],
    "averageExpectedRewards": [
        9.645219986928572,
        9.817225309071427,
        9.828578977035715,
        9.869951214535712,
        9.870209641107142,
        9.877939412071427,
        9.877453847928571,
        9.878966709892858,
        9.882430348642856,
        9.880711830571428,
        9.884992080035714,
        9.887616387142858,
        9.882153397214285,
        9.883577652892857,
        9.883907897714286,
        9.883474936642857,
        9.886354965357143,
        9.882276589321428,
        9.883490124142856,
        9.884399099071429,
        9.883326072142857,
        9.876772412071427,
        9.882238436714287,
        9.882902110642856,
        9.885333070214285,
        9.883786852928573,
        9.88195776925,
        9.883398149714287,
        9.884556064428573,
        9.885739387,
        9.884945636071429,
        9.882419310571429,
        9.883657195214285,
        9.883075951857142,
        9.884220477357143,
        9.886354965357143,
        9.886345271285712,
        9.884435363071429,
        9.886193668642857,
        9.887141028999999
    ],
    "averageEnvRewards": [
        9.807092278147856,
        9.941364965228544,
        9.877446955350914,
        9.998085412049956,
        9.904298356973793,
        9.85907699853449,
        9.849089349571482,
        9.939655654698846,
        10.01609451328411,
        9.82259046370691,
        10.086077337421976,
        9.964592952628415,
        9.887007931243675,
        9.808762435678949,
        10.079185362489989,
        10.04811906342249,
        9.853241219366929,
        9.89908869652241,
        9.925943120901975,
        9.910906936993415,
        9.993090931831548,
        9.862918818340436,
        9.919667128391474,
        10.045600687036655,
        9.802023491752584,
        9.804042050834841,
        9.934012068588682,
        9.883237592404699,
        9.814496819619158,
        9.859125058325585,
        10.119071415623761,
        9.853343552198716,
        10.03027642652377,
        9.981543053141973,
        9.788413827667517,
        9.870879187457312,
        9.842573375505927,
        9.924328048199461,
        9.875472773799732,
        9.805863588718376
    ],
    "averageOptimalReward": 9.888329714285714,
    "time": "2022-07-14_16-25"
}