{
    "averageRegrets": [
        0.665676135187319,
        0.08574878941369572,
        0.03972463345491123,
        0.019745979818511613,
        0.007247700026021224,
        0.013505596724893322,
        0.01632100345852665,
        0.013269056732997626,
        0.006257896698872099,
        0.0009898033271491258,
        0.0,
        0.0009898033271491258,
        0.04663927170887644,
        0.0009898033271491258,
        0.019448271188285987,
        0.0,
        0.010518673138192138,
        0.0,
        0.007247700026021224,
        0.012515793397744198,
        0.0009898033271491258,
        0.006257896698872099,
        0.0,
        0.005031553379827276,
        0.0,
        0.005031553379827276,
        0.0,
        0.0,
        0.005031553379827276,
        0.0,
        0.0,
        0.006257896698872099,
        0.0,
        0.0,
        0.0009898033271491258,
        0.0,
        0.0,
        0.0009898033271491258,
        0.0,
        0.0
    ],
    "averageExpectedRewards": [
        44.27562308524057,
        44.85555043101419,
        44.90157458697298,
        44.92155324060937,
        44.934051520401866,
        44.92779362370299,
        44.92497821696936,
        44.92803016369489,
        44.93504132372902,
        44.94030941710074,
        44.941299220427894,
        44.94030941710074,
        44.89465994871902,
        44.94030941710074,
        44.921850949239605,
        44.941299220427894,
        44.93078054728971,
        44.941299220427894,
        44.934051520401866,
        44.92878342703014,
        44.94030941710074,
        44.93504132372902,
        44.941299220427894,
        44.93626766704807,
        44.941299220427894,
        44.93626766704807,
        44.941299220427894,
        44.941299220427894,
        44.93626766704807,
        44.941299220427894,
        44.941299220427894,
        44.93504132372902,
        44.941299220427894,
        44.941299220427894,
        44.94030941710074,
        44.941299220427894,
        44.941299220427894,
        44.94030941710074,
        44.941299220427894,
        44.941299220427894
    ],
    "averageEnvRewards": [
        42.69991805669795,
        43.810931854278024,
        43.325017604303376,
        43.96736310247874,
        42.94063762942437,
        43.31158673627532,
        43.024036544698156,
        43.322584370257445,
        43.55881965642971,
        43.660261415740486,
        44.014203739454246,
        43.123720645315004,
        43.19838357406683,
        43.0963012273455,
        43.403265825184974,
        42.93617997622645,
        43.59299466208966,
        43.38766349988763,
        43.329144963884666,
        43.55646724514839,
        43.393816611290795,
        43.476103867664364,
        44.01575983237285,
        44.01765355098681,
        43.670470887604004,
        43.265524016077855,
        43.57155731328871,
        43.684815177414194,
        42.97950207518625,
        43.43693873600003,
        43.61772147236024,
        44.154272864288416,
        43.27132989565729,
        42.636583714412154,
        43.23488547026423,
        42.972241475580624,
        43.53941466448516,
        43.48355131587681,
        43.70941497463663,
        43.605854183778355
    ],
    "averageOptimalReward": 44.941299220427894,
    "time": "2022-07-14_16-25"
}