{
    "averageRegrets": [
        3.2204586543955696,
        1.7602706275581912,
        1.7040736762363315,
        1.4652898053175856,
        1.3872489417502925,
        1.506554717477766,
        1.4545921753964977,
        1.367291572717952,
        1.3954018367248495,
        1.4511060622744048,
        1.5568648110999594,
        1.3624700961322969,
        1.378317582335841,
        1.3935670435778171,
        1.4032554806214466,
        1.3579177846478803,
        1.3226155082208526,
        1.3676294989748925,
        1.3630400036221133,
        1.3625783236879194,
        1.3382197196837955,
        1.3024872169262658,
        1.3368885817338643,
        1.3490962632601375,
        1.311211474849635,
        1.3515447848290534,
        1.36855904861367,
        1.3965582451630352,
        1.3079584215305158,
        1.343363290539886,
        1.31922892300554,
        1.2884087037835852,
        1.3150001068944663,
        1.3009296622554223,
        1.4991003079647358,
        1.289920045301252,
        1.2969182903392769,
        1.3169238393270113,
        1.359167958841438,
        1.3085832082313484
    ],
    "averageExpectedRewards": [
        90.57287095977786,
        92.03305898661525,
        92.08925593793712,
        92.32803980885586,
        92.40608067242316,
        92.28677489669568,
        92.33873743877695,
        92.4260380414555,
        92.3979277774486,
        92.34222355189902,
        92.23646480307349,
        92.43085951804115,
        92.41501203183762,
        92.39976257059561,
        92.390074133552,
        92.43541182952555,
        92.4707141059526,
        92.42570011519857,
        92.43028961055134,
        92.43075129048552,
        92.45510989448965,
        92.49084239724718,
        92.45644103243959,
        92.44423335091331,
        92.48211813932379,
        92.4417848293444,
        92.42477056555977,
        92.39677136901041,
        92.48537119264293,
        92.44996632363356,
        92.47410069116789,
        92.50492091038984,
        92.47832950727897,
        92.49239995191802,
        92.29422930620869,
        92.5034095688722,
        92.49641132383417,
        92.47640577484643,
        92.434161655332,
        92.48474640594209
    ],
    "averageEnvRewards": [
        88.55792612755306,
        90.63702103351523,
        88.40301121709668,
        89.24271104128911,
        89.9250818788465,
        89.00635822168573,
        89.89368362119676,
        88.82213979553471,
        89.64527680074062,
        89.71719803958989,
        88.22390006771087,
        90.56069606204231,
        89.22200724553367,
        90.11625516864719,
        89.93346907271636,
        89.68621890387978,
        89.12592129412417,
        88.62637265901758,
        88.26452097066944,
        90.04759088551216,
        89.46833274047378,
        88.57900998304271,
        89.70800388595657,
        88.470724802529,
        88.30582018024784,
        89.33707522355103,
        88.75776304878171,
        88.90673915246529,
        89.32111412251822,
        88.83067877990216,
        89.11865834041781,
        90.04779515120505,
        89.29119811239212,
        88.86251102781969,
        89.3552940197738,
        88.72949857454277,
        89.23065870252536,
        89.3506122498183,
        88.76712715394791,
        88.38115189055635
    ],
    "averageOptimalReward": 93.79332961417346,
    "time": "2022-07-16_17-07"
}