{
    "averageRegrets": [
        1.0995403839821052,
        0.23328889900659966,
        0.22699244575910257,
        0.20261836803636102,
        0.12826563570576907,
        0.18903035608086063,
        0.08642817632476106,
        0.038364151938903995,
        0.03596423277776029,
        0.06728541801841509,
        0.0878247788655914,
        0.04560858726230329,
        0.021330363945095795,
        0.05390234415640295,
        0.03619123477476943,
        0.04713289364757497,
        0.020677335050376014,
        0.07117099225044823,
        0.013080261010676395,
        0.03357260340164343,
        0.04964947486495234,
        0.01501441056636203,
        0.006497461449952819,
        0.025557755531851606,
        0.023495237731058206,
        0.05981718065499925,
        7.105427357601002e-15,
        0.04447461029267464,
        0.06524658199443706,
        0.04293496770484683,
        0.00586715880999007,
        0.12345593009115435,
        0.011513791200221597,
        0.11420840794650974,
        0.01995600750878026,
        0.008990232066175495,
        7.105427357601002e-15,
        0.009768747502118291,
        0.020265599206004944,
        0.03570682626371534
    ],
    "averageExpectedRewards": [
        38.1758384718109,
        39.042089956786405,
        39.048386410033906,
        39.072760487756646,
        39.14711322008724,
        39.08634849971215,
        39.18895067946825,
        39.23701470385411,
        39.23941462301526,
        39.20809343777459,
        39.18755407692742,
        39.22977026853071,
        39.25404849184792,
        39.22147651163661,
        39.23918762101824,
        39.22824596214544,
        39.254701520742636,
        39.204207863542564,
        39.26229859478233,
        39.24180625239137,
        39.22572938092806,
        39.26036444522665,
        39.26888139434306,
        39.24982110026116,
        39.251883618061946,
        39.21556167513801,
        39.27537885579301,
        39.230904245500334,
        39.21013227379857,
        39.23244388808816,
        39.26951169698302,
        39.151922925701854,
        39.26386506459279,
        39.1611704478465,
        39.255422848284226,
        39.26638862372683,
        39.27537885579301,
        39.26561010829089,
        39.25511325658701,
        39.239672029529295
    ],
    "averageEnvRewards": [
        36.86007276724026,
        38.389518386682184,
        38.34550133102671,
        38.512539238564116,
        38.438292302800235,
        38.0279704064402,
        38.52310853524884,
        38.39848449203607,
        38.358625414684724,
        38.54412776898277,
        38.18824121506036,
        38.7129470229979,
        38.62112921596099,
        38.62462784546074,
        38.29406900001531,
        38.754800509041786,
        38.85227613080553,
        38.42664078824909,
        38.95999287122233,
        38.617561991021276,
        37.80615227232889,
        39.04208056410292,
        38.527614617646904,
        38.617428825795656,
        38.54934893682295,
        38.400223779631176,
        38.729666888430735,
        38.660954145385205,
        38.054573744266555,
        38.224807043706775,
        38.610735159135665,
        38.300688290283055,
        38.126130547281676,
        38.217749779759394,
        37.957406071022994,
        38.25208591621068,
        38.70513647421565,
        38.518769492298354,
        38.54145275062117,
        38.45889890794768
    ],
    "averageOptimalReward": 39.27537885579301,
    "time": "2022-07-14_16-22"
}