{
    "averageRegrets": [
        0.7629947666666677,
        0.08697395000000015,
        0.07624450000000012,
        0.07142175000000013,
        0.05855571666666677,
        0.051984200000000085,
        0.03418525000000006,
        0.05140575000000007,
        0.03284325000000006,
        0.019597750000000032,
        0.01582925000000003,
        0.010758500000000018,
        0.016904250000000037,
        0.009346500000000013,
        0.004673250000000006,
        0.013948966666666687,
        0.0,
        0.024778250000000036,
        0.0034412166666666797,
        0.006376500000000034,
        0.004673250000000006,
        0.005578000000000012,
        0.009197000000000033,
        0.018693000000000026,
        0.0,
        0.008267383333333348,
        0.0,
        0.007497250000000015,
        0.0,
        0.0,
        0.005578000000000012,
        0.004673250000000006,
        0.0009047500000000053,
        0.0,
        0.004673250000000006,
        0.009346500000000013,
        0.0,
        0.03271275000000005,
        0.0,
        0.009346500000000013
    ],
    "averageExpectedRewards": [
        13.610471900000002,
        14.286492716666672,
        14.29722216666667,
        14.30204491666667,
        14.314910950000003,
        14.321482466666671,
        14.339281416666672,
        14.322060916666668,
        14.340623416666672,
        14.35386891666667,
        14.357637416666671,
        14.362708166666671,
        14.35656241666667,
        14.364120166666671,
        14.368793416666671,
        14.359517700000003,
        14.37346666666667,
        14.34868841666667,
        14.370025450000004,
        14.36709016666667,
        14.368793416666671,
        14.367888666666673,
        14.36426966666667,
        14.35477366666667,
        14.37346666666667,
        14.365199283333336,
        14.37346666666667,
        14.36596941666667,
        14.37346666666667,
        14.37346666666667,
        14.36788866666667,
        14.368793416666671,
        14.372561916666669,
        14.37346666666667,
        14.368793416666671,
        14.364120166666671,
        14.37346666666667,
        14.340753916666673,
        14.37346666666667,
        14.364120166666671
    ],
    "averageEnvRewards": [
        13.920973030526534,
        14.808703618487927,
        14.463919690717102,
        14.713122133268794,
        14.528933938794067,
        14.66531498017524,
        14.853321766427014,
        14.335813516074035,
        14.875720290426402,
        14.453590369466108,
        14.58397644699993,
        14.477968418810669,
        14.50029131732062,
        14.95234586111322,
        14.702143459989749,
        14.580431678301492,
        14.634588610816298,
        14.644893450268347,
        15.08673148991626,
        14.590915686132094,
        14.938328925400054,
        14.634200382797362,
        14.613844836194517,
        14.943550717091576,
        14.743965786770337,
        15.088506277614675,
        14.806993868752437,
        14.845331246072721,
        15.03630086735548,
        14.682638465613076,
        14.816210595934066,
        14.491028778948639,
        14.719132616043908,
        15.020437350965704,
        14.622168781932658,
        14.473463059412977,
        14.837611645435677,
        14.546239425118197,
        14.844656046956542,
        14.625374482818494
    ],
    "averageOptimalReward": 14.37346666666667,
    "time": "2022-07-15_19-25"
}