{
    "averageRegrets": [
        5.031885195232043,
        4.2685210928221275,
        4.213482553853728,
        4.19152297632494,
        4.119183085627312,
        4.639967584661523,
        4.1582687810606895,
        4.330419962260294,
        4.284529013713332,
        4.3429124677399855,
        5.722388150681115,
        4.518144908605491,
        5.167839992519481,
        4.568935758269278,
        4.543884704472771,
        3.827757317792291,
        5.087904373137306,
        5.882945149297563,
        4.099725137256864,
        4.850001230386487,
        4.285431449672224,
        4.26762490673083,
        4.444704740823965,
        4.98427230504616,
        4.458682966444159,
        4.5406723797983455,
        4.356486457214634,
        4.0181338211671624,
        4.2418402786325355,
        4.407942633504936
    ],
    "averageExpectedRewards": [
        88.76144441894142,
        89.52480852135132,
        89.57984706031971,
        89.60180663784851,
        89.67414652854615,
        89.15336202951192,
        89.63506083311276,
        89.46290965191317,
        89.50880060046012,
        89.45041714643347,
        88.07094146349233,
        89.27518470556795,
        88.62548962165395,
        89.22439385590418,
        89.24944490970067,
        89.96557229638117,
        88.70542524103614,
        87.9103844648759,
        89.69360447691659,
        88.94332838378696,
        89.50789816450121,
        89.52570470744261,
        89.34862487334948,
        88.80905730912728,
        89.33464664772929,
        89.25265723437509,
        89.43684315695882,
        89.77519579300629,
        89.55148933554091,
        89.38538698066851
    ],
    "averageEnvRewards": [
        86.48066772170709,
        87.68696168983028,
        86.65231416408585,
        87.51427309138792,
        85.68416216784888,
        85.46183172380607,
        86.7786049180573,
        86.17634856981654,
        87.44077700719915,
        86.99660476693799,
        83.6882521463814,
        85.7838605892813,
        85.47402215435612,
        85.7362895629505,
        85.39092323642856,
        88.32596292212929,
        85.53895836852479,
        84.24941534141398,
        86.80398336699146,
        86.02085533317137,
        86.83240122892514,
        86.68723730172304,
        85.80395400496272,
        85.45173689424124,
        88.72543720863479,
        84.2416190879564,
        86.77085788777835,
        86.21118320064599,
        86.96544576470184,
        87.28464005145125
    ],
    "averageOptimalReward": 93.79332961417344,
    "time": "2022-07-17_14-50"
}