{
    "averageRegrets": [
        0.640626273714284,
        0.26487430453571315,
        0.18286941853571334,
        0.1280057677142851,
        0.13158844439285633,
        0.16055072853571276,
        0.08543984328571358,
        0.12810690414285575,
        0.12579282732142782,
        0.03678474042857117,
        0.07370263728571373,
        0.03919311328571407,
        0.03890944292857101,
        0.06641522057142796,
        0.022181236857142697,
        0.048122839321428204,
        0.05624382203571376,
        0.05478596317857074,
        0.10632134896428468,
        0.06140525235714243,
        0.02689407417857124,
        0.11886300760714143,
        0.028548797714285503,
        0.021943365571428286,
        0.012861719821428492,
        0.01856350510714269,
        0.009602417571428448,
        0.015673225499999922,
        0.013081465678571363,
        0.04086684771428534,
        0.009001751357142785,
        0.0334773351428569,
        0.028818496499999572,
        0.002638799249999986,
        0.027842650107142698,
        0.03797270282142819,
        0.010778587928571363,
        0.10163941157142731,
        0.01754362371428565,
        0.0026442048571428244
    ],
    "averageExpectedRewards": [
        9.247703440571428,
        9.62345540975,
        9.70546029575,
        9.760323946571427,
        9.756741269892856,
        9.72777898575,
        9.802889871,
        9.760222810142857,
        9.762536886964286,
        9.851544973857141,
        9.814627077,
        9.849136601,
        9.849420271357141,
        9.821914493714285,
        9.86614847742857,
        9.840206874964286,
        9.83208589225,
        9.833543751107143,
        9.782008365321428,
        9.826924461928572,
        9.861435640107143,
        9.769466706678571,
        9.85978091657143,
        9.866386348714284,
        9.875467994464286,
        9.869766209178572,
        9.878727296714285,
        9.872656488785715,
        9.875248248607143,
        9.847462866571428,
        9.87932796292857,
        9.854852379142859,
        9.859511217785714,
        9.885690915035713,
        9.860487064178571,
        9.850357011464284,
        9.877551126357142,
        9.786690302714284,
        9.870786090571428,
        9.885685509428573
    ],
    "averageEnvRewards": [
        9.349144217101,
        9.84381977815591,
        9.763878168917048,
        9.731034733467736,
        9.852942952700598,
        9.87008051842219,
        9.867810193455394,
        9.936279099082139,
        9.875930553970834,
        9.827223988640739,
        9.811824815171704,
        9.916457993935676,
        9.897603970559205,
        9.819244316626357,
        9.991411079889023,
        9.923810917825787,
        9.723634742426219,
        9.986233626662163,
        9.748080254426844,
        10.008248086303688,
        9.902004950073492,
        9.841223018314933,
        9.970877293478663,
        10.037707930688883,
        9.88809653083643,
        9.825450229860515,
        9.920698427474042,
        9.983595657646903,
        9.92873651530878,
        9.978522613731336,
        9.945135368640592,
        9.832677366144042,
        9.880894483257244,
        9.994841050144457,
        9.978394292575437,
        9.880270704797335,
        9.92189549342175,
        9.81957609542168,
        9.823149601253514,
        10.066040838685542
    ],
    "averageOptimalReward": 9.888329714285714,
    "time": "2022-07-15_19-17"
}