{
    "averageRegrets": [
        0.8498965500000011,
        0.14774496666666692,
        0.19520075000000034,
        0.10447500000000018,
        0.02803950000000004,
        0.07816341666666678,
        0.009346500000000013,
        0.010251250000000019,
        0.007497250000000015,
        0.046732500000000066,
        0.036133966666666725,
        0.01401975000000002,
        0.02010500000000003,
        0.005578000000000012,
        0.005578000000000012,
        0.004673250000000006,
        0.009346500000000013,
        0.004673250000000006,
        0.01458750000000003,
        0.01401975000000002,
        0.010482000000000031,
        0.005428500000000031,
        0.004673250000000006,
        0.010101750000000038,
        0.004673250000000006,
        0.0027142500000000157,
        0.006085250000000011,
        0.04205925000000006,
        0.004673250000000006,
        0.0,
        0.04205925000000006,
        0.005578000000000012,
        0.0,
        0.002824000000000009,
        0.004673250000000006,
        0.0,
        0.01161750000000005,
        0.009346500000000013,
        0.005578000000000012,
        0.005808750000000025
    ],
    "averageExpectedRewards": [
        13.523570116666669,
        14.225721700000003,
        14.17826591666667,
        14.26899166666667,
        14.34542716666667,
        14.295303250000003,
        14.364120166666671,
        14.363215416666671,
        14.36596941666667,
        14.32673416666667,
        14.337332700000005,
        14.35944691666667,
        14.353361666666672,
        14.36788866666667,
        14.36788866666667,
        14.368793416666671,
        14.364120166666671,
        14.368793416666671,
        14.35887916666667,
        14.35944691666667,
        14.362984666666671,
        14.36803816666667,
        14.368793416666671,
        14.363364916666669,
        14.368793416666671,
        14.370752416666669,
        14.367381416666671,
        14.331407416666671,
        14.368793416666671,
        14.37346666666667,
        14.331407416666671,
        14.36788866666667,
        14.37346666666667,
        14.370642666666672,
        14.368793416666671,
        14.37346666666667,
        14.361849166666671,
        14.364120166666671,
        14.367888666666673,
        14.367657916666671
    ],
    "averageEnvRewards": [
        13.91123324610737,
        14.495574586588575,
        14.344903718487808,
        14.362113185162386,
        14.70715902055979,
        14.408942223212716,
        14.538847890387844,
        14.8944454625433,
        14.704289552229342,
        14.79288024463634,
        14.978851618674263,
        14.710068836062923,
        14.508030138508643,
        14.642138469391403,
        14.625342047593515,
        14.643690784205665,
        14.604929935583561,
        14.68919706985468,
        14.642795084599381,
        14.554332935925597,
        14.872345132794107,
        14.455429767816463,
        15.014307954531466,
        14.898661943109714,
        14.658672683074101,
        14.636865847704435,
        14.892350817954839,
        14.26045069541041,
        14.72243564729474,
        14.552396959940461,
        14.73794891195098,
        14.638474086609415,
        14.687457529678113,
        14.52872361067717,
        14.485679582577536,
        14.644253597203056,
        14.765979374500173,
        14.741865998473585,
        14.945959231247736,
        14.681140988007215
    ],
    "averageOptimalReward": 14.37346666666667,
    "time": "2022-07-15_19-18"
}