{
    "averageRegrets": [
        0.740442383996054,
        0.1767308312165711,
        0.12564804044126648,
        0.10215177706075107,
        0.031085932698082627,
        0.056221911890800634,
        0.07268378835260692,
        0.005376659294396049,
        0.04159433140150928,
        0.026549428290245015,
        0.01747046612648788,
        0.02928083713616033,
        0.009864579317941847,
        0.019210002531625178,
        0.016709654321565168,
        0.036944492440178466,
        0.005515106678156591,
        0.0007579998990830284,
        0.025638956019653457,
        0.005241812259293024,
        0.0018385159737095425,
        0.04639447982703961,
        0.003388402409302502,
        0.004682233839788017,
        0.02174600672932872,
        0.008737427920584464,
        0.0014783439488340378,
        0.0,
        0.010165207227907506,
        0.008194009492187205,
        0.008167214845048348,
        0.0,
        0.0036327123300485997,
        0.0017401699222700272,
        0.0036327123300485997,
        0.00316623404162196,
        0.0,
        0.0036327123300485997,
        0.024572074285932714,
        0.003748574434178007
    ],
    "averageExpectedRewards": [
        26.741880305617524,
        27.334005779290987,
        27.397933979119877,
        27.367452160646916,
        27.485735467899413,
        27.44241185865938,
        27.458132547940966,
        27.56058638446937,
        27.45957437938505,
        27.50269653812707,
        27.52623215026602,
        27.489366054803753,
        27.563515009342392,
        27.517700871210263,
        27.53919548366317,
        27.468521902546883,
        27.50858350358418,
        27.56556274096845,
        27.491143443507543,
        27.573966190853426,
        27.50922292306089,
        27.51037051214861,
        27.57748894101117,
        27.569096915856832,
        27.563566772804325,
        27.568697646146337,
        27.5818653722878,
        27.58951495030036,
        27.569074640433833,
        27.56343545743412,
        27.537489712623692,
        27.58641076772087,
        27.58483263295139,
        27.533254662210712,
        27.575642730571726,
        27.577114181401793,
        27.577092379727237,
        27.587591906355375,
        27.521448170952635,
        27.50652364738062
    ],
    "averageEnvRewards": [
        26.36526914219975,
        27.203579411281325,
        27.492371625740237,
        27.222885041495505,
        27.118525595893175,
        26.99708144729865,
        27.472784144105898,
        27.489367461086882,
        27.25032728915145,
        27.480898020334322,
        27.318637752389304,
        27.492311083257633,
        27.811078642915263,
        27.125622356486794,
        27.499300618060406,
        27.66989432888765,
        27.237237178916047,
        27.03147543593559,
        27.139330564758097,
        27.64833652879026,
        27.550294380254662,
        27.50431887579857,
        27.405895273624093,
        27.581817167424344,
        27.731967557852894,
        27.192822771024563,
        27.31455416361788,
        27.53240949658412,
        27.670710175552045,
        27.725001423756293,
        27.24500928267087,
        27.973091024303994,
        27.521923126371522,
        27.45460247514935,
        27.35152417420064,
        27.44931503568239,
        27.624783687309538,
        27.337916599502467,
        27.234407567339655,
        27.319104959853362
    ],
    "averageOptimalReward": 27.449999999999992,
    "time": "2022-07-14_16-23"
}