{
    "averageRegrets": [
        0.7415987833333343,
        0.16825096666666695,
        0.1385962500000002,
        0.06122346666666679,
        0.032365466666666724,
        0.02574350000000005,
        0.01401975000000002,
        0.010251250000000019,
        0.02658775000000005,
        0.019597750000000032,
        0.0037582166666666784,
        0.009346500000000013,
        0.004673250000000006,
        0.022634833333333368,
        0.0,
        0.005578000000000012,
        0.011632216666666678,
        0.01401975000000002,
        0.01458750000000003,
        0.013283933333333345,
        0.0,
        0.004673250000000006,
        0.004673250000000006,
        0.006085250000000011,
        0.0,
        0.0005677500000000091,
        0.010251250000000019,
        0.0,
        0.004673250000000006,
        0.0009047500000000053,
        0.0009047500000000053,
        0.004673250000000006,
        0.0,
        0.0018095000000000105,
        0.004673250000000006,
        0.0,
        0.0,
        0.03271275000000005,
        0.0,
        0.0
    ],
    "averageExpectedRewards": [
        13.631867883333337,
        14.205215700000004,
        14.234870416666672,
        14.312243200000005,
        14.341101200000002,
        14.34772316666667,
        14.35944691666667,
        14.363215416666671,
        14.34687891666667,
        14.35386891666667,
        14.369708450000003,
        14.364120166666671,
        14.368793416666671,
        14.350831833333336,
        14.37346666666667,
        14.36788866666667,
        14.361834450000003,
        14.35944691666667,
        14.35887916666667,
        14.360182733333335,
        14.37346666666667,
        14.368793416666671,
        14.368793416666671,
        14.367381416666671,
        14.37346666666667,
        14.372898916666673,
        14.363215416666671,
        14.37346666666667,
        14.368793416666671,
        14.372561916666669,
        14.372561916666669,
        14.368793416666671,
        14.37346666666667,
        14.371657166666669,
        14.368793416666671,
        14.37346666666667,
        14.37346666666667,
        14.340753916666673,
        14.37346666666667,
        14.37346666666667
    ],
    "averageEnvRewards": [
        13.811068728861652,
        14.604511529074912,
        14.616138748810766,
        14.232299177983705,
        14.706299629880855,
        14.752889071427596,
        14.484589230947176,
        14.729050786979817,
        14.910160245683356,
        14.753610469171376,
        14.512031943312747,
        14.555498694128987,
        14.715016313879605,
        14.883962514691673,
        14.83011540718881,
        14.75180204419635,
        14.589660455339391,
        14.89930659736626,
        14.74016404490575,
        14.515464213700048,
        14.45642204245572,
        14.811414680862987,
        14.71482781156551,
        14.643871008256877,
        15.021604389932547,
        14.74835634773934,
        14.798685909331192,
        14.801020434352267,
        14.74065798598047,
        14.931412842860373,
        14.880503645540296,
        14.564303042423612,
        14.772951939313655,
        14.399205785012148,
        14.529803698930024,
        14.839001716328115,
        14.46505698664286,
        14.803984535243321,
        14.564636077773278,
        14.587727669033335
    ],
    "averageOptimalReward": 14.37346666666667,
    "time": "2022-07-15_14-58"
}