{
    "averageRegrets": [
        2.0604530584193395,
        1.287377791441451,
        1.1707027004077701,
        0.5112222928299386,
        0.31168071172095807,
        0.1591442838751974,
        0.12473740090736048,
        0.13408767235883345,
        0.07269476978448837,
        0.09424215573090816,
        0.08378429866017705,
        0.0672239495403161,
        0.1184421767091053,
        0.1955115803883517,
        0.059811397531831616,
        0.036216861861742514,
        0.09364587864003025,
        0.11150912365202363,
        0.03457831787530174,
        0.01635371619158104,
        0.048116043838928736,
        0.022366088918327125,
        0.02718408348827677,
        0.02098604629965463,
        0.04072768806969541,
        0.047693590171517156,
        0.024200574356868794,
        0.03831777092485301,
        0.008219809916254586,
        0.014052149368336748,
        0.015809553096932782,
        0.046662828121526764,
        0.007670928969733429,
        0.019747634838628795,
        0.07026157447588055,
        0.035148541972080324,
        0.025047088896569675,
        0.005521480525875475,
        0.0100715324450053,
        0.00818439546475503
    ],
    "averageExpectedRewards": [
        6.405637632391003,
        7.17871289936889,
        7.295387990402571,
        7.954868397980404,
        8.154409979089385,
        8.306946406935145,
        8.341353289902983,
        8.332003018451509,
        8.393395921025855,
        8.371848535079435,
        8.382306392150166,
        8.398866741270027,
        8.347648514101238,
        8.270579110421991,
        8.406279293278512,
        8.429873828948601,
        8.372444812170313,
        8.354581567158318,
        8.431512372935043,
        8.449736974618762,
        8.417974646971414,
        8.443724601892017,
        8.438906607322066,
        8.445104644510689,
        8.425363002740648,
        8.418397100638826,
        8.441890116453473,
        8.42777291988549,
        8.457870880894088,
        8.452038541442008,
        8.45028113771341,
        8.419427862688817,
        8.45841976184061,
        8.446343055971715,
        8.395829116334461,
        8.430942148838263,
        8.441043601913773,
        8.460569210284469,
        8.456019158365338,
        8.45790629534559
    ],
    "averageEnvRewards": [
        6.077406429090543,
        7.045276882654227,
        6.87025196552772,
        7.385389060328333,
        7.5567085764327935,
        7.683918901309599,
        7.625226455177467,
        7.631395647379126,
        7.644587694076256,
        7.633221805725495,
        7.698341980082314,
        7.642665542318034,
        7.624293140585326,
        7.727638947796647,
        7.659499283586071,
        7.678958255539104,
        7.662182128271272,
        7.646558149568052,
        7.7448869748561675,
        7.731006974340794,
        7.712544166671387,
        7.633218575623728,
        7.665520588713913,
        7.730238431702819,
        7.6970937873361285,
        7.676629055039013,
        7.661205906008725,
        7.714596024448693,
        7.768096776975573,
        7.663679664978656,
        7.663631623812696,
        7.672703205740208,
        7.691655291293309,
        7.693663741544476,
        7.6555490267734525,
        7.6927627586434575,
        7.64920779566222,
        7.707297680989318,
        7.748751024067824,
        7.6882749895982645
    ],
    "averageOptimalReward": 8.466090690810343,
    "time": "2022-07-14_16-22"
}