{
    "averageRegrets": [
        0.9065709066190455,
        0.8346159699047602,
        0.800398845714284,
        0.8353293222857123,
        0.8281541252857127,
        0.726303505523808,
        0.8705406641904745,
        0.8904614137619031,
        0.8278867403333318,
        0.872109661857141,
        0.8225642039523791,
        0.8277655336666648,
        0.8309618669047603,
        0.8361103382380933,
        0.749592973714284,
        0.8345119670476174,
        0.8335078701428554,
        0.7652464508095221,
        0.8546383873809509,
        0.7873047486190459,
        0.6758143860476175,
        0.8373098074761887,
        0.8121417484285696,
        0.8195046675238079,
        0.8614979769999983,
        0.8032152053333314,
        0.8368592655238078,
        0.7078452992380937,
        0.8536431055238076,
        0.8433482590476175
    ],
    "averageExpectedRewards": [
        8.981758807666667,
        9.053713744380952,
        9.087930868571426,
        9.053000392000001,
        9.060175588999998,
        9.162026208761905,
        9.017789050095237,
        8.997868300523809,
        9.06044297395238,
        9.01622005242857,
        9.065765510333334,
        9.060564180619048,
        9.057367847380952,
        9.052219376047617,
        9.138736740571428,
        9.053817747238094,
        9.054821844142856,
        9.123083263476191,
        9.03369132690476,
        9.101024965666667,
        9.212515328238096,
        9.051019906809524,
        9.076187965857143,
        9.068825046761903,
        9.026831737285715,
        9.08511450895238,
        9.051470448761904,
        9.18048441504762,
        9.034686608761906,
        9.044981455238094
    ],
    "averageEnvRewards": [
        9.105322791630403,
        9.189615321156298,
        9.286228530642749,
        9.163035678696433,
        9.082000068487558,
        9.198783512588793,
        9.222706747104626,
        9.11549465209604,
        9.127493557449151,
        9.146869232720125,
        9.101890657550944,
        9.12095989629659,
        9.150404668461805,
        9.166288807044515,
        9.281014999662093,
        9.180264457323705,
        9.016837385189687,
        9.171096505362431,
        8.8977563268558,
        9.189125678405029,
        9.205415295464157,
        9.335431453949147,
        9.105018393100268,
        9.23895883886449,
        9.186735197550867,
        9.183191416640124,
        9.028445705314237,
        9.242305221263365,
        9.069772169393213,
        9.12650293609354
    ],
    "averageOptimalReward": 9.888329714285714,
    "time": "2022-07-17_15-02"
}