{
    "averageRegrets": [
        1.3144470160366697,
        0.3620760933244981,
        0.22336509501675483,
        0.1158253045506603,
        0.08687764829097112,
        0.04722914624095827,
        0.093085941747377,
        0.027988775241454336,
        0.06851488735293321,
        0.0069286232900438805,
        0.09403157923229592,
        0.005938819962894755,
        0.0573676265115372,
        0.009898033271491257,
        0.03275974825967463,
        0.16067863868939525,
        0.00823750335317035,
        0.009898033271491257,
        0.007247700026021224,
        0.006876953877915657,
        0.03888565458685143,
        0.0,
        0.0,
        0.03690766464874663,
        0.0,
        0.0,
        0.006876953877915657,
        0.003959213308596503,
        0.038684866502897555,
        0.0019796066542982515,
        0.0009898033271491258,
        0.022283475013523492,
        0.0,
        0.0,
        0.0,
        0.013753907755831313,
        0.007620571662727791,
        0.023714313388466923,
        0.0,
        0.06982154667545723
    ],
    "averageExpectedRewards": [
        43.62685220439121,
        44.57922312710339,
        44.717934125411126,
        44.82547391587724,
        44.85442157213693,
        44.89407007418693,
        44.848213278680504,
        44.91331044518643,
        44.872784333074954,
        44.93437059713785,
        44.84726764119559,
        44.935360400464994,
        44.88393159391635,
        44.93140118715641,
        44.908539472168215,
        44.780620581738496,
        44.933061717074715,
        44.931401187156396,
        44.934051520401866,
        44.93442226654997,
        44.90241356584104,
        44.941299220427894,
        44.941299220427894,
        44.90439155577914,
        44.941299220427894,
        44.941299220427894,
        44.93442226654997,
        44.93734000711929,
        44.90261435392499,
        44.939319613773584,
        44.94030941710074,
        44.91901574541437,
        44.941299220427894,
        44.941299220427894,
        44.941299220427894,
        44.927545312672066,
        44.93367864876516,
        44.91758490703942,
        44.941299220427894,
        44.87147767375243
    ],
    "averageEnvRewards": [
        42.033417908970144,
        43.27907520455107,
        44.03819660781044,
        43.54867122782416,
        43.11132859717617,
        43.236400444877766,
        43.174235219915744,
        43.627491158640126,
        43.345497029037595,
        43.58434159469328,
        43.49155329982464,
        43.58288024283369,
        43.88965970271492,
        43.78303443601129,
        42.968990750589676,
        43.07736397080393,
        43.229341895399436,
        43.35635452671318,
        43.31837684756849,
        43.23750967087237,
        43.46820762177469,
        43.59276252301571,
        43.633148991793185,
        43.31605173487358,
        43.87385837653599,
        43.87603805631431,
        42.87851468453796,
        43.60316608592356,
        43.40580109664418,
        43.17686912825159,
        43.8058492476474,
        43.240048334091824,
        43.352861647977555,
        43.360501699103935,
        43.17661073659007,
        43.119795909873616,
        43.17305216827029,
        43.115187966761226,
        43.78927297759655,
        43.411280082214844
    ],
    "averageOptimalReward": 44.941299220427894,
    "time": "2022-07-14_16-23"
}