{
    "averageRegrets": [
        1.2569544663944106,
        0.2904115467550723,
        0.20643204552153144,
        0.13179621071657413,
        0.09940126239514982,
        0.08128380179472719,
        0.08046655310493835,
        0.03731240853214768,
        0.023008891273755286,
        0.08401904885221219,
        0.03614072159361125,
        0.043865505945416425,
        0.010887836598640383,
        0.012764104428682189,
        0.03812032824790951,
        0.01187763992578951,
        0.05827386158539964,
        0.01318651998891598,
        0.0009898033271491258,
        0.015241143325455581,
        0.09940804594722082,
        0.0,
        0.015406521135607835,
        0.0,
        0.009898033271491257,
        0.010589981644175168,
        0.006876953877915657,
        0.007620571662727791,
        0.0,
        0.0049490166357456285,
        0.028580718046600423,
        0.0,
        0.0,
        0.0,
        0.0009898033271491258,
        0.0029694099814473775,
        0.0009898033271491258,
        0.0009898033271491258,
        0.1099381276652211,
        0.0
    ],
    "averageExpectedRewards": [
        43.68434475403348,
        44.65088767367281,
        44.734867174906356,
        44.809503009711314,
        44.84189795803273,
        44.860015418633154,
        44.860832667322946,
        44.90398681189574,
        44.91829032915413,
        44.857280171575674,
        44.90515849883428,
        44.89743371448247,
        44.93041138382925,
        44.9285351159992,
        44.90317889217997,
        44.929421580502094,
        44.88302535884249,
        44.92811270043898,
        44.94030941710074,
        44.92605807710245,
        44.84189117448067,
        44.941299220427894,
        44.92589269929229,
        44.941299220427894,
        44.931401187156396,
        44.93070923878371,
        44.93442226654997,
        44.93367864876516,
        44.941299220427894,
        44.936350203792145,
        44.91271850238129,
        44.941299220427894,
        44.941299220427894,
        44.941299220427894,
        44.94030941710074,
        44.93832981044645,
        44.94030941710074,
        44.94030941710074,
        44.83136109276267,
        44.941299220427894
    ],
    "averageEnvRewards": [
        42.460082750178046,
        43.11864327335281,
        42.91329684418766,
        43.42784287093539,
        43.053877823918036,
        43.47506724471127,
        43.376707491493534,
        43.135177908302104,
        42.906510188988456,
        43.11877825651799,
        42.77600932641514,
        43.46833351730132,
        43.27431833058654,
        43.215159163027955,
        43.13960984749088,
        42.914048136469646,
        43.152703359088356,
        43.57508415980914,
        43.16744121646723,
        43.56642567764673,
        43.235207208101585,
        43.51796243759087,
        43.128251674642485,
        43.07917110558583,
        43.16839767422332,
        43.53086709110523,
        43.82470684745933,
        43.53023320944147,
        43.21735974848862,
        43.39238964795581,
        43.544853620085654,
        43.39330754151609,
        43.49140300816423,
        43.826412706486224,
        43.41989268995549,
        43.38393402741349,
        43.47034619844311,
        43.22254143495004,
        43.024169407493275,
        43.45449533685926
    ],
    "averageOptimalReward": 44.941299220427894,
    "time": "2022-07-14_16-23"
}