{
    "averageRegrets": [
        0.9259452500000012,
        0.20103100000000032,
        0.12643896666666687,
        0.0966554666666668,
        0.0594707500000001,
        0.04794925000000012,
        0.04904925000000007,
        0.043708966666666765,
        0.016060000000000043,
        0.015723000000000046,
        0.0,
        0.020502500000000038,
        0.046682700000000056,
        0.004673250000000006,
        0.03885850000000007,
        0.005241000000000016,
        0.005578000000000012,
        0.01206075000000003,
        0.004673250000000006,
        0.03532075000000008,
        0.005241000000000016,
        0.004673250000000006,
        0.006482750000000017,
        0.004673250000000006,
        0.010819000000000028,
        0.015431750000000024,
        0.018693000000000026,
        0.0,
        0.01401975000000002,
        0.0,
        0.010251250000000019,
        0.006641966666666672,
        0.0,
        0.004673250000000006,
        0.0,
        0.009346500000000013,
        0.0,
        0.0,
        0.0,
        0.01206075000000003
    ],
    "averageExpectedRewards": [
        13.447521416666667,
        14.17243566666667,
        14.247027700000004,
        14.276811200000004,
        14.31399591666667,
        14.32551741666667,
        14.324417416666671,
        14.329757700000005,
        14.35740666666667,
        14.35774366666667,
        14.37346666666667,
        14.35296416666667,
        14.32678396666667,
        14.368793416666671,
        14.334608166666671,
        14.368225666666671,
        14.36788866666667,
        14.36140591666667,
        14.368793416666671,
        14.338145916666669,
        14.368225666666671,
        14.368793416666671,
        14.36698391666667,
        14.368793416666671,
        14.362647666666671,
        14.35803491666667,
        14.35477366666667,
        14.37346666666667,
        14.35944691666667,
        14.37346666666667,
        14.36321541666667,
        14.366824700000004,
        14.37346666666667,
        14.368793416666671,
        14.37346666666667,
        14.364120166666671,
        14.37346666666667,
        14.37346666666667,
        14.37346666666667,
        14.36140591666667
    ],
    "averageEnvRewards": [
        14.173817330947713,
        14.498196982133322,
        14.562895679943585,
        14.41231560929898,
        14.589875337828126,
        14.7094098363204,
        14.68133583728648,
        14.807103668019073,
        14.824366787026316,
        14.70336022565598,
        14.838119654960478,
        14.737143689130962,
        14.779210124903775,
        14.742398967013782,
        14.77966206411887,
        14.669488720383898,
        14.527829499978566,
        14.59147151100109,
        14.786738011015471,
        14.81543779086589,
        14.361212254502595,
        15.041754360588243,
        14.616855136941235,
        14.671036923476079,
        14.861069837510586,
        14.617144714028973,
        14.43836911164397,
        14.604914440179956,
        14.373212993545863,
        14.551181171139264,
        15.004329903944594,
        14.516700009297914,
        14.336786745605226,
        14.504447312556527,
        14.660774349399667,
        14.824083661283252,
        14.778753970711959,
        14.868472305990103,
        14.490426934182574,
        14.622112318260196
    ],
    "averageOptimalReward": 14.37346666666667,
    "time": "2022-07-15_19-25"
}