{
    "averageRegrets": [
        0.7459076220952363,
        0.8300316522380936,
        0.8046240608095222,
        0.8228360377142842,
        0.8405466140476172,
        0.9216182414761888,
        0.8252590272380937,
        0.7618728641428554,
        0.8027104229999983,
        0.7731274470476175,
        0.8448516949999983,
        0.7316721832380935,
        0.7932699624285697,
        0.689062442523808,
        0.7311298940952365,
        0.7196464880952363,
        0.8375232549999985,
        0.8167824834761886,
        0.7515803405238078,
        0.7156733602857123,
        0.8150402550952364,
        0.8369848213809505,
        0.8097213721904745,
        0.8725294539523791,
        0.8408485903809508,
        0.8068969049523793,
        0.8674868845714268,
        0.824670681523808,
        0.7782600424761886,
        0.7726334184761889
    ],
    "averageExpectedRewards": [
        9.142422092190476,
        9.05829806204762,
        9.08370565347619,
        9.065493676571428,
        9.047783100238094,
        8.966711472809523,
        9.063070687047617,
        9.126456850142857,
        9.085619291285715,
        9.115202267238095,
        9.043478019285713,
        9.15665753104762,
        9.095059751857143,
        9.199267271761904,
        9.157199820190476,
        9.168683226190476,
        9.050806459285713,
        9.071547230809523,
        9.136749373761905,
        9.172656354,
        9.073289459190477,
        9.051344892904762,
        9.078608342095238,
        9.015800260333332,
        9.047481123904761,
        9.081432809333332,
        9.020842829714285,
        9.063659032761905,
        9.110069671809525,
        9.115696295809522
    ],
    "averageEnvRewards": [
        9.37456697812472,
        9.28663374079894,
        9.194504983663094,
        9.155954564106269,
        9.236508819617072,
        9.045741326689598,
        9.09779942740182,
        8.992160090917963,
        9.152586375374836,
        9.204060270558992,
        9.040632748364132,
        9.256486492010557,
        8.968825729604477,
        9.226841750020078,
        8.999254216437524,
        9.219075798737194,
        9.065670862721085,
        9.114438371032577,
        9.145850203216847,
        9.171049223754444,
        9.233093307581752,
        9.130723524710207,
        9.307731285244436,
        9.080087880548454,
        9.206131948433677,
        9.178022646017187,
        9.048550842941049,
        9.122246029539822,
        9.084991821171798,
        9.335454861286182
    ],
    "averageOptimalReward": 9.888329714285714,
    "time": "2022-07-17_15-11"
}