{
    "averageRegrets": [
        3.2596849343462617,
        1.1779656510467185,
        0.863934213756428,
        1.1003622311868129,
        1.5161704952053696,
        1.3423791986378517,
        0.9431701080164467,
        0.9982350143977758,
        1.0914174672331232,
        1.3657205125854228,
        0.8872172722918867,
        0.6907124830023199,
        0.8619131300522004,
        1.0484375772935652,
        0.3451826006834791,
        0.5926797845228348,
        1.391632450685361,
        1.2513536694220506,
        1.1256589296732866,
        0.899100768673334,
        1.4802205273424716,
        1.3580459808846006,
        1.3760543413782482,
        1.374941828358867,
        1.400248496502221,
        1.4045892015694017,
        1.367200963639924,
        1.5187025449052294,
        1.4944587932188325,
        1.514159776742742,
        1.4750045231710949,
        1.3665098527885684,
        1.4029496238319268,
        1.3470083895042584,
        1.2970204244032544,
        1.4771607623869405,
        1.4181433977866222,
        1.3732664407079378,
        1.4837392364453046,
        1.4124784135054989
    ],
    "averageExpectedRewards": [
        90.53364467982719,
        92.61536396312673,
        92.92939540041702,
        92.69296738298664,
        92.27715911896807,
        92.45095041553559,
        92.850159506157,
        92.79509459977565,
        92.70191214694032,
        92.42760910158802,
        92.90611234188157,
        93.10261713117112,
        92.93141648412124,
        92.74489203687986,
        93.44814701348997,
        93.20064982965062,
        92.40169716348808,
        92.5419759447514,
        92.66767068450015,
        92.89422884550011,
        92.31310908683098,
        92.43528363328886,
        92.4172752727952,
        92.41838778581457,
        92.39308111767122,
        92.38874041260405,
        92.42612865053351,
        92.2746270692682,
        92.29887082095462,
        92.27916983743071,
        92.31832509100234,
        92.42681976138486,
        92.39037999034151,
        92.44632122466919,
        92.49630918977019,
        92.3161688517865,
        92.37518621638682,
        92.4200631734655,
        92.30959037772813,
        92.38085120066793
    ],
    "averageEnvRewards": [
        87.29462935719064,
        90.43515299876799,
        90.48004886798664,
        89.70081724050509,
        89.5779846421667,
        89.80783808557436,
        91.44873293881392,
        90.39775674944526,
        90.58144570223645,
        90.7342017417813,
        90.04264901501361,
        89.42491873165514,
        90.42685802035948,
        90.3692332147767,
        92.28667064591136,
        91.25064939076434,
        88.93551242181412,
        88.7282235316245,
        90.00537571423003,
        90.6557102372745,
        89.30402063576734,
        88.69704320404274,
        88.69268192624473,
        88.97433894777929,
        89.3862789007082,
        88.97030138514474,
        88.91058211119348,
        88.63175075925041,
        88.34310866385167,
        89.76435265587924,
        87.0250746579944,
        88.9113020953051,
        88.77472480855562,
        90.18459874114725,
        90.33909639873815,
        90.0065888764821,
        89.6699022759686,
        88.37572201825107,
        88.41913947314417,
        87.98448696190779
    ],
    "averageOptimalReward": 93.79332961417346,
    "time": "2022-07-16_17-07"
}