{
    "averageRegrets": [
        1.3371306794341122,
        0.10376264127581435,
        0.06722671411256771,
        0.04277337346721115,
        0.06857305479265254,
        0.02300651420875747,
        0.03712089186215072,
        0.05274604106035511,
        0.01580252573257603,
        0.0819180365245448,
        1.4210854715202004e-14,
        1.4210854715202004e-14,
        0.10714223289374505,
        1.4210854715202004e-14,
        1.4210854715202004e-14,
        1.4210854715202004e-14,
        1.4210854715202004e-14,
        0.04277337346721115,
        1.4210854715202004e-14,
        1.4210854715202004e-14,
        1.4210854715202004e-14,
        1.4210854715202004e-14,
        0.12723899120475385,
        1.4210854715202004e-14,
        1.4210854715202004e-14,
        1.4210854715202004e-14,
        1.4210854715202004e-14,
        0.058951987941127104,
        1.4210854715202004e-14,
        1.4210854715202004e-14,
        1.4210854715202004e-14,
        1.4210854715202004e-14,
        1.4210854715202004e-14,
        1.4210854715202004e-14,
        0.01580252573257603,
        1.4210854715202004e-14,
        1.4210854715202004e-14,
        1.4210854715202004e-14,
        1.4210854715202004e-14,
        1.4210854715202004e-14
    ],
    "averageExpectedRewards": [
        71.53671146907462,
        72.77007950723291,
        72.80661543439616,
        72.83106877504152,
        72.80526909371608,
        72.85083563429997,
        72.83672125664658,
        72.82109610744837,
        72.85803962277616,
        72.79192411198419,
        72.87384214850871,
        72.87384214850871,
        72.76669991561499,
        72.87384214850871,
        72.87384214850871,
        72.87384214850871,
        72.87384214850871,
        72.83106877504152,
        72.87384214850871,
        72.87384214850871,
        72.87384214850871,
        72.87384214850871,
        72.74660315730398,
        72.87384214850871,
        72.87384214850871,
        72.87384214850871,
        72.87384214850871,
        72.8148901605676,
        72.87384214850871,
        72.87384214850871,
        72.87384214850871,
        72.87384214850871,
        72.87384214850871,
        72.87384214850871,
        72.85803962277616,
        72.87384214850871,
        72.87384214850871,
        72.87384214850871,
        72.87384214850871,
        72.87384214850871
    ],
    "averageEnvRewards": [
        69.68104468477449,
        71.05061459256827,
        70.82312535568413,
        71.25780526512223,
        71.1167557923237,
        70.65631618330646,
        71.22634494343721,
        71.31430875456877,
        72.1218458470747,
        71.49720682279694,
        71.33040234067704,
        71.65630642054913,
        71.32592862613429,
        71.34967302478901,
        70.67712309409653,
        71.62552210204163,
        71.61175354023597,
        71.6970701531898,
        71.26834167837823,
        72.81578277601497,
        71.95692655633852,
        71.72749617330982,
        71.37061361593034,
        71.54597763584485,
        71.07007717563575,
        71.97719331777131,
        71.32891581604783,
        72.27498726179527,
        71.33330644638751,
        71.25668628428303,
        71.09884282492662,
        71.98733939159298,
        71.90208381094457,
        71.49215018575113,
        72.06320588472437,
        71.39612727352204,
        71.02302677040053,
        71.41354432601251,
        71.78510880267379,
        72.16843793700626
    ],
    "averageOptimalReward": 72.87384214850874,
    "time": "2022-07-15_19-18"
}