{
    "averageRegrets": [
        3.559865156448801,
        3.7231281123148907,
        3.2605998248464023,
        3.8679684562313894,
        2.853579969492793,
        3.579213245994941,
        2.992778570074373,
        3.25425628349485,
        3.633334800880684,
        3.2593135947577587,
        3.331799427096971,
        3.7377516253415526,
        2.7779440914486457,
        2.9897761632261104,
        3.908765798161465,
        4.236666169061239,
        3.3207654782180906,
        3.287583410883085,
        3.291457575649396,
        3.2381225703925316,
        3.866723628614056,
        3.4111981511721803,
        3.408342104858906,
        3.7421600629258545,
        2.781087726134111,
        3.447540896569627,
        3.491291579954607,
        3.55551190470716,
        3.5069721609031785,
        3.7594279156956927
    ],
    "averageExpectedRewards": [
        90.23346445772465,
        90.07020150185856,
        90.53272978932705,
        89.92536115794206,
        90.93974964468066,
        90.21411636817851,
        90.80055104409907,
        90.53907333067859,
        90.15999481329276,
        90.53401601941569,
        90.46153018707648,
        90.0555779888319,
        91.0153855227248,
        90.80355345094735,
        89.88456381601198,
        89.5566634451122,
        90.47256413595535,
        90.50574620329036,
        90.50187203852406,
        90.55520704378092,
        89.92660598555939,
        90.38213146300127,
        90.38498750931454,
        90.0511695512476,
        91.01224188803934,
        90.34578871760381,
        90.30203803421884,
        90.23781770946628,
        90.28635745327027,
        90.03390169847776
    ],
    "averageEnvRewards": [
        87.5179686460692,
        87.63532118896748,
        87.92411274072998,
        86.45227786890031,
        87.95143642839341,
        88.17091862878215,
        87.49197704575552,
        88.81459180140497,
        86.74487097831285,
        87.13160784296564,
        87.96296042340299,
        87.76401037586294,
        90.10248660014736,
        88.22229875479626,
        87.73711819553068,
        86.15512816593619,
        87.97914018845086,
        88.4846286276603,
        87.64085862490415,
        88.49477936841623,
        86.99009943783145,
        87.3127174593131,
        88.37981275783977,
        86.37019269185245,
        87.66002371846585,
        88.20958933965163,
        86.90556246370666,
        87.38543112325802,
        88.76810934475034,
        87.24595223216275
    ],
    "averageOptimalReward": 93.79332961417344,
    "time": "2022-07-17_15-02"
}