{
    "averageRegrets": [
        0.6825985876071412,
        0.32577376557142756,
        0.22697395328571324,
        0.1405475776071421,
        0.17747113503571355,
        0.11656264953571348,
        0.1269125961785706,
        0.09850860164285635,
        0.060962766642856804,
        0.08097146060714215,
        0.031865719357142684,
        0.04155803221428538,
        0.09815382271428442,
        0.027510454285714053,
        0.01920745285714268,
        0.0348027563214283,
        0.013080923571428484,
        0.043513855392856744,
        0.042591379499999756,
        0.03035162182142837,
        0.03855263164285694,
        0.02160633460714279,
        0.08054968971428529,
        0.018062274214285606,
        0.02749628678571394,
        0.020774268928571264,
        0.010786652357142797,
        0.039351214285714066,
        0.029460549428571254,
        0.03236102939285686,
        0.023331347785714072,
        0.03849554096428541,
        0.004349052142857092,
        0.02454234407142849,
        0.006415452857142818,
        0.008621357499999958,
        0.006909071785714249,
        0.034262678678571176,
        0.00550397314285711,
        0.015266574249999913
    ],
    "averageExpectedRewards": [
        9.20573112667857,
        9.562555948714284,
        9.661355761,
        9.747782136678572,
        9.710858579249999,
        9.77176706475,
        9.761417118107142,
        9.789821112642857,
        9.827366947642856,
        9.807358253678569,
        9.856463994928571,
        9.846771682071427,
        9.790175891571428,
        9.860819260000001,
        9.86912226142857,
        9.853526957964284,
        9.875248790714284,
        9.844815858892856,
        9.845738334785715,
        9.857978092464286,
        9.849777082642856,
        9.866723379678572,
        9.807780024571429,
        9.870267440071428,
        9.8608334275,
        9.867555445357143,
        9.87754306192857,
        9.848978500000001,
        9.858869164857142,
        9.855968684892854,
        9.864998366499998,
        9.849834173321428,
        9.883980662142857,
        9.863787370214284,
        9.881914261428571,
        9.879708356785713,
        9.8814206425,
        9.854067035607141,
        9.882825741142858,
        9.873063140035715
    ],
    "averageEnvRewards": [
        9.318603452260787,
        9.639190086060834,
        9.708417513094874,
        9.763406593449671,
        9.732439623045414,
        9.806466830834381,
        9.86883260059315,
        9.865849523188444,
        9.815879871961485,
        9.817026116953462,
        9.902972626831561,
        9.927205941970653,
        9.801090903505674,
        9.910396065936133,
        9.960058159528776,
        10.086511198528227,
        9.911716257364224,
        9.910243788681342,
        9.94157326442852,
        9.951344794358842,
        9.843847357511642,
        10.045082500534479,
        9.923762969088953,
        10.084093921435228,
        9.919831285014595,
        9.962131744150017,
        9.852004913312344,
        9.959406006573804,
        9.90636056774376,
        10.037292778256047,
        9.9138321036608,
        9.999258019314464,
        10.064921202457121,
        10.05398141299324,
        9.988173641846453,
        9.878213788823286,
        9.889513316793442,
        9.943100060482738,
        9.965941526460327,
        9.820514794032725
    ],
    "averageOptimalReward": 9.888329714285714,
    "time": "2022-07-14_16-23"
}