{
    "averageRegrets": [
        1.461275638707027,
        0.08205224912871248,
        0.17129615491560174,
        0.1588085205392606,
        0.01580252573257603,
        1.4210854715202004e-14,
        0.10349641570099323,
        0.05274604106035511,
        0.05857589919977297,
        0.14003424766244785,
        0.052074132119209526,
        1.4210854715202004e-14,
        1.4210854715202004e-14,
        1.4210854715202004e-14,
        1.4210854715202004e-14,
        0.023476349928953723,
        0.04277337346721115,
        1.4210854715202004e-14,
        0.027947838451066378,
        1.4210854715202004e-14,
        1.4210854715202004e-14,
        1.4210854715202004e-14,
        1.4210854715202004e-14,
        1.4210854715202004e-14,
        1.4210854715202004e-14,
        1.4210854715202004e-14,
        1.4210854715202004e-14,
        1.4210854715202004e-14,
        1.4210854715202004e-14,
        1.4210854715202004e-14,
        1.4210854715202004e-14,
        1.4210854715202004e-14,
        0.03712089186215072,
        1.4210854715202004e-14,
        0.023476349928953723,
        1.4210854715202004e-14,
        1.4210854715202004e-14,
        1.4210854715202004e-14,
        1.4210854715202004e-14,
        1.4210854715202004e-14
    ],
    "averageExpectedRewards": [
        71.4125665098017,
        72.79178989938002,
        72.70254599359312,
        72.71503362796948,
        72.85803962277616,
        72.87384214850871,
        72.77034573280774,
        72.82109610744837,
        72.81526624930895,
        72.73380790084627,
        72.82176801638953,
        72.87384214850871,
        72.87384214850871,
        72.87384214850871,
        72.87384214850871,
        72.85036579857977,
        72.83106877504152,
        72.87384214850871,
        72.84589431005766,
        72.87384214850871,
        72.87384214850871,
        72.87384214850871,
        72.87384214850871,
        72.87384214850871,
        72.87384214850871,
        72.87384214850871,
        72.87384214850871,
        72.87384214850871,
        72.87384214850871,
        72.87384214850871,
        72.87384214850871,
        72.87384214850871,
        72.83672125664658,
        72.87384214850871,
        72.85036579857977,
        72.87384214850871,
        72.87384214850871,
        72.87384214850871,
        72.87384214850871,
        72.87384214850871
    ],
    "averageEnvRewards": [
        70.4307457260515,
        71.18191903316774,
        71.83417972393708,
        71.94644520630548,
        71.33757369763487,
        71.65450309843338,
        70.99193884890417,
        71.78119555556219,
        70.34899702371227,
        71.54886657258555,
        71.06024745048653,
        71.82102426737501,
        71.54822625620642,
        71.90761744729025,
        71.55080996005142,
        72.34428121563434,
        71.1675975068886,
        71.16771641639997,
        71.51011596807996,
        70.59219242947243,
        72.21852043598403,
        70.9376576801814,
        71.851105207591,
        70.87641076414943,
        71.24299472623932,
        71.68529056927882,
        71.9920261989147,
        70.75321116517455,
        71.48111972993956,
        71.43253740264778,
        70.72107216771383,
        71.83129247286811,
        70.82257027597183,
        71.91740809777383,
        71.04351800457665,
        71.36251122721701,
        70.7208586932956,
        71.52570084208709,
        71.40745993752533,
        70.76775799330385
    ],
    "averageOptimalReward": 72.87384214850874,
    "time": "2022-07-14_16-22"
}