{
    "averageRegrets": [
        1.3874318919161999,
        0.2442565770001037,
        0.07443070258874915,
        1.4210854715202004e-14,
        0.0949969201752547,
        0.03712089186215072,
        0.05274604106035511,
        1.4210854715202004e-14,
        0.023476349928953723,
        1.4210854715202004e-14,
        0.04277337346721115,
        0.01580252573257603,
        1.4210854715202004e-14,
        0.0456464301379113,
        0.03712089186215072,
        1.4210854715202004e-14,
        0.04454442775988033,
        1.4210854715202004e-14,
        1.4210854715202004e-14,
        1.4210854715202004e-14,
        0.036271606386647705,
        0.027947838451066378,
        1.4210854715202004e-14,
        1.4210854715202004e-14,
        1.4210854715202004e-14,
        1.4210854715202004e-14,
        1.4210854715202004e-14,
        1.4210854715202004e-14,
        1.4210854715202004e-14,
        1.4210854715202004e-14,
        1.4210854715202004e-14,
        0.02300651420875747,
        0.01580252573257603,
        1.4210854715202004e-14,
        1.4210854715202004e-14,
        1.4210854715202004e-14,
        1.4210854715202004e-14,
        1.4210854715202004e-14,
        1.4210854715202004e-14,
        1.4210854715202004e-14
    ],
    "averageExpectedRewards": [
        71.48641025659254,
        72.62958557150863,
        72.79941144591997,
        72.87384214850871,
        72.77884522833348,
        72.83672125664658,
        72.82109610744837,
        72.87384214850871,
        72.85036579857977,
        72.87384214850871,
        72.83106877504152,
        72.85803962277616,
        72.87384214850871,
        72.82819571837082,
        72.83672125664658,
        72.87384214850871,
        72.82929772074885,
        72.87384214850871,
        72.87384214850871,
        72.87384214850871,
        72.83757054212208,
        72.84589431005766,
        72.87384214850871,
        72.87384214850871,
        72.87384214850871,
        72.87384214850871,
        72.87384214850871,
        72.87384214850871,
        72.87384214850871,
        72.87384214850871,
        72.87384214850871,
        72.85083563429997,
        72.85803962277616,
        72.87384214850871,
        72.87384214850871,
        72.87384214850871,
        72.87384214850871,
        72.87384214850871,
        72.87384214850871,
        72.87384214850871
    ],
    "averageEnvRewards": [
        70.81334679773884,
        71.13216685059581,
        71.02334170447948,
        71.79360156157205,
        72.66930380830473,
        71.94767272608178,
        72.17584203584887,
        71.78696300269897,
        71.46279437091165,
        70.69636914378252,
        70.19145888999807,
        71.15076839121122,
        71.40195377957289,
        71.04622303317855,
        70.83796765696172,
        71.2707472737747,
        71.41085321623446,
        72.00109479629394,
        71.60643014880104,
        72.23065561325176,
        70.46782929714146,
        71.76680330485785,
        71.62892643433635,
        71.65802818978065,
        71.29181792470514,
        71.15665471030042,
        71.81409476738176,
        72.0509718106733,
        70.89523417628327,
        71.58808891001098,
        72.21603571094357,
        71.94994984180738,
        72.3807499893039,
        71.48304565932033,
        71.60187009502295,
        72.00129644038171,
        71.59903748450911,
        72.025935080008,
        71.1042031427526,
        71.70058855282961
    ],
    "averageOptimalReward": 72.87384214850874,
    "time": "2022-07-14_16-23"
}