{
    "averageRegrets": [
        3.3583842097412697,
        2.0289742423577213,
        1.8140107818855638,
        2.4748603633965107,
        1.7585941397383948,
        2.0044245880083422,
        2.174606295758671,
        1.4748230660311887,
        1.4281337087212223,
        2.285755602060199,
        3.0275260407563156,
        2.7482972569645328,
        2.6530556687005413,
        2.7345409955573268,
        3.0862142607753444,
        3.2361448625368143,
        3.0715307018366724,
        2.7196585940354243,
        3.0757250337092783,
        1.865008697703455,
        3.207748875966877,
        2.2957990914149655,
        1.460217170695327,
        2.686317726048594,
        2.6536969357662885,
        2.50716480239939,
        2.533567897613757,
        3.06770393034071,
        2.7288380274661153,
        2.861659381389192,
        3.0747789027689807,
        2.567626663481623,
        2.5840409727764717,
        2.8077495925375517,
        2.985310200546159,
        3.1783313315985993,
        3.1594169919052724,
        3.1268894349684335,
        3.097504758331736,
        3.0709648021853493
    ],
    "averageExpectedRewards": [
        90.43494540443217,
        91.76435537181572,
        91.97931883228789,
        91.3184692507769,
        92.03473547443504,
        91.7889050261651,
        91.61872331841477,
        92.31850654814225,
        92.36519590545223,
        91.50757401211325,
        90.76580357341713,
        91.04503235720891,
        91.14027394547288,
        91.05878861861609,
        90.7071153533981,
        90.5571847516366,
        90.72179891233677,
        91.073671020138,
        90.71760458046415,
        91.92832091646999,
        90.58558073820656,
        91.49753052275847,
        92.33311244347813,
        91.10701188812483,
        91.13963267840714,
        91.28616481177403,
        91.25976171655967,
        90.72562568383272,
        91.0644915867073,
        90.93167023278424,
        90.71855071140445,
        91.22570295069181,
        91.20928864139697,
        90.98558002163587,
        90.80801941362726,
        90.61499828257482,
        90.63391262226814,
        90.666440179205,
        90.69582485584168,
        90.72236481198809
    ],
    "averageEnvRewards": [
        86.8052839057939,
        88.57969801808484,
        88.14825248626117,
        87.9958508946433,
        90.60472915073116,
        88.96664559870615,
        88.68173823134292,
        89.23077607306705,
        90.84527868997822,
        87.56575607453483,
        86.60300776620909,
        87.38851884742722,
        87.30320599012695,
        87.79136322800464,
        87.35346353269604,
        87.21169740345319,
        87.07975599961084,
        87.77670009140267,
        86.781778089252,
        88.46245267823504,
        86.83898526184183,
        87.5194220552017,
        89.33522040951027,
        87.07523936907344,
        88.2762542508373,
        87.89929037889054,
        87.14997362113921,
        87.01552823194524,
        87.28457629349064,
        87.09459905644799,
        86.87104168535024,
        87.52992277411826,
        86.6267528806442,
        86.82152066112108,
        88.35866756374158,
        87.14546179480662,
        86.00767068432019,
        86.38972472362478,
        87.196011361969,
        87.34872630811088
    ],
    "averageOptimalReward": 93.79332961417346,
    "time": "2022-07-16_17-07"
}