{
    "averageRegrets": [
        3.917913970082674,
        3.572906101327343,
        3.848128131187632,
        3.668652114890835,
        3.4217715906570962,
        3.744668891983324,
        3.6578753666657886,
        3.7870952129602617,
        3.338428864681044,
        3.983913215447885,
        3.4100904418519877,
        3.685959139275463,
        3.459163803505447,
        4.124809384622293,
        3.738786259366501,
        3.5932629460478385,
        3.291519066186759,
        3.9067595477722263,
        4.088516746575051,
        3.9274665924339645,
        3.6165659207163814,
        4.288890951995066,
        3.326591268702855,
        4.294204330564155,
        3.875726976104182,
        3.8490882687551524,
        3.77308217354123,
        3.7623955261619866,
        4.456810556530698,
        4.14276831991919
    ],
    "averageExpectedRewards": [
        89.87541564409076,
        90.2204235128461,
        89.94520148298582,
        90.12467749928261,
        90.37155802351636,
        90.04866072219014,
        90.13545424750765,
        90.00623440121319,
        90.4549007494924,
        89.80941639872556,
        90.38323917232145,
        90.10737047489799,
        90.334165810668,
        89.66852022955115,
        90.05454335480695,
        90.2000666681256,
        90.5018105479867,
        89.88657006640123,
        89.7048128675984,
        89.8658630217395,
        90.17676369345706,
        89.50443866217839,
        90.4667383454706,
        89.49912528360929,
        89.91760263806927,
        89.94424134541829,
        90.02024744063222,
        90.03093408801146,
        89.33651905764275,
        89.65056129425426
    ],
    "averageEnvRewards": [
        86.2574582891546,
        87.25946025176842,
        86.00530912206398,
        87.65089713206572,
        88.04809617054988,
        87.42261518886124,
        86.62512800906308,
        87.22613774274258,
        87.85595602901813,
        86.57803109436301,
        88.17805451738818,
        86.98073026096792,
        87.52584286641927,
        85.37952382278834,
        88.58565377985991,
        87.49235718453635,
        87.04852561407255,
        88.95545600896634,
        86.72462390218418,
        86.19769842166399,
        86.90547726343391,
        86.41700873658837,
        89.04104028659746,
        85.9551835571212,
        86.91390200049595,
        86.51871319832375,
        87.9277583149256,
        85.93846862921703,
        85.66390250775541,
        86.79854332013495
    ],
    "averageOptimalReward": 93.79332961417344,
    "time": "2022-07-17_15-11"
}