{
    "averageRegrets": [
        1.0753829413646998,
        0.5381323387644253,
        0.43701309932651794,
        0.22805559272711043,
        0.11068824803345213,
        0.10593779688017403,
        0.21274410395259746,
        0.11659692874291677,
        0.13451512188916334,
        0.13767397342059057,
        0.09451197624810927,
        0.07446402031596429,
        0.08585359616021533,
        0.14626043302247582,
        0.0467401490924547,
        0.14129183875454207,
        0.0678997402009591,
        0.014723913062857825,
        0.1875300820219617,
        0.08035868677946205,
        0.10973437336071917,
        0.059950770286740805,
        0.03008888734720559,
        0.051929960388603064,
        0.033271146051101895,
        0.11216627816870357,
        0.048938502468065866,
        0.004425228839834147,
        0.0359490867618765,
        0.004160866795004683,
        0.01521910625879503,
        0.017154745705404935,
        0.0056078807071207135,
        0.010147669047636629,
        0.0323000200440854,
        0.06026935024595643,
        0.03446062224809852,
        0.0006795612012884078,
        0.02486482178910576,
        0.013562538680456697
    ],
    "averageExpectedRewards": [
        38.19999591442831,
        38.73724651702858,
        38.838365756466494,
        39.0473232630659,
        39.16469060775955,
        39.16944105891284,
        39.06263475184041,
        39.15878192705009,
        39.14086373390384,
        39.13770488237242,
        39.1808668795449,
        39.20091483547704,
        39.189525259632795,
        39.12911842277053,
        39.22863870670055,
        39.13408701703847,
        39.20747911559205,
        39.260654942730156,
        39.08784877377105,
        39.195020169013546,
        39.16564448243229,
        39.21542808550627,
        39.2452899684458,
        39.22344889540441,
        39.24210770974191,
        39.16321257762431,
        39.22644035332494,
        39.27095362695318,
        39.23942976903113,
        39.271217988998,
        39.26015974953421,
        39.2582241100876,
        39.26977097508589,
        39.265231186745375,
        39.24307883574893,
        39.215109505547055,
        39.24091823354491,
        39.27469929459173,
        39.250514034003906,
        39.261816317112554
    ],
    "averageEnvRewards": [
        37.70345347192224,
        38.18308668205508,
        37.495886818535475,
        38.39956514012843,
        38.58132988881177,
        38.62882135030772,
        37.96972612492928,
        38.470310439461876,
        38.65514279334343,
        37.77921332748783,
        38.15649251556554,
        38.4347774024654,
        38.20396804295708,
        38.03759494570851,
        38.297789038245966,
        37.9123105886765,
        38.34902185049038,
        38.395449113346736,
        38.24456380800009,
        39.03036287933198,
        38.591004746386865,
        38.131108950058625,
        38.61092427389663,
        38.942685195313516,
        38.07592541751591,
        38.15773236499271,
        38.317468108764345,
        38.49875242113519,
        38.661138612978476,
        38.67833043311535,
        38.28681516840374,
        38.54293327300545,
        38.284539941417506,
        38.29680994429398,
        38.44731404118569,
        38.466244219025945,
        38.330533376807246,
        38.42885824370882,
        38.11345820651625,
        38.91394035386877
    ],
    "averageOptimalReward": 39.27537885579301,
    "time": "2022-07-14_16-23"
}