{
    "averageRegrets": [
        1.7488217646206188,
        1.7184319618306922,
        1.726199674052491,
        1.6654260574135256,
        1.8055114063982258,
        1.7464290378616822,
        1.7609280168603103,
        1.7114549167068307,
        1.6760497102108072,
        1.7510052070376283,
        1.7623972551956186,
        1.718713318651697,
        1.8308622696204813,
        1.6800570648837605,
        1.785774904424333,
        1.803123916117889,
        1.819593580908344,
        1.7302200107309764,
        1.7705597334135033,
        1.765757072221836,
        1.8151264213366998,
        1.7222839457047985,
        1.7350004179947802,
        1.9012018604072618,
        1.9550327757948218,
        1.6073825958464292,
        1.6627298836873157,
        1.5551304811773499,
        1.6748763690314241,
        1.7817060769197008
    ],
    "averageExpectedRewards": [
        71.1250203838881,
        71.15541018667803,
        71.14764247445622,
        71.20841609109519,
        71.06833074211049,
        71.12741311064703,
        71.11291413164841,
        71.16238723180189,
        71.19779243829791,
        71.12283694147108,
        71.11144489331309,
        71.15512882985702,
        71.04297987888823,
        71.19378508362495,
        71.08806724408439,
        71.07071823239083,
        71.05424856760037,
        71.14362213777774,
        71.10328241509521,
        71.10808507628688,
        71.05871572717201,
        71.15155820280391,
        71.13884173051393,
        70.97264028810146,
        70.9188093727139,
        71.2664595526623,
        71.2111122648214,
        71.31871166733137,
        71.19896577947729,
        71.09213607158902
    ],
    "averageEnvRewards": [
        70.14994689263463,
        69.5347339071849,
        70.56552829867607,
        70.1055684276269,
        70.06266104636582,
        69.51319254296752,
        69.6851491143526,
        70.4432716105679,
        69.94847632574039,
        69.27875901232808,
        70.0778617120871,
        69.85150928711006,
        68.99153516638809,
        69.72251539079093,
        70.46958861282006,
        68.59605133846075,
        70.51914071554934,
        69.4724202267539,
        70.23047587846564,
        69.8764779264405,
        70.27447949086158,
        70.23203864125398,
        70.35145999074923,
        69.5307362226089,
        68.71664344175076,
        69.57296348556794,
        69.37068062981726,
        69.1818343209556,
        70.49970953450483,
        69.3061947338257
    ],
    "averageOptimalReward": 72.87384214850873,
    "time": "2022-07-17_15-02"
}