{
    "averageRegrets": [
        1.855311656284766,
        1.276527030660404,
        1.1702694871426502,
        0.7180507636301336,
        0.2440334359575707,
        0.23320972758192077,
        0.26615975120824165,
        0.21254621077301522,
        0.10428655888787511,
        0.08612072621070745,
        0.08500128298434896,
        0.10825543828799365,
        0.04702591305414013,
        0.09410508438984617,
        0.045551941299236544,
        0.06659690808624369,
        0.02761662288531963,
        0.06876666308041628,
        0.04703736234008478,
        0.06527525908726242,
        0.02427299405872384,
        0.025349211744537394,
        0.06272215297717285,
        0.011018518388590127,
        0.07696702219188793,
        0.028486808028120602,
        0.03350690603876192,
        0.05318892979943101,
        0.05482117706001405,
        0.04023884559106586,
        0.030953491321291608,
        0.12296182837800157,
        0.019004795539318237,
        0.03275287080124992,
        0.03919188583483009,
        0.010330126134701096,
        0.013894027082524898,
        0.029335462785658954,
        0.05186701428511621,
        0.055790222837705065
    ],
    "averageExpectedRewards": [
        6.610779034525576,
        7.189563660149938,
        7.295821203667691,
        7.748039927180209,
        8.222057254852771,
        8.232880963228421,
        8.199930939602101,
        8.253544480037329,
        8.361804131922467,
        8.379969964599637,
        8.381089407825993,
        8.35783525252235,
        8.419064777756203,
        8.371985606420498,
        8.420538749511106,
        8.3994937827241,
        8.438474067925023,
        8.397324027729928,
        8.419053328470259,
        8.400815431723082,
        8.44181769675162,
        8.440741479065807,
        8.40336853783317,
        8.455072172421753,
        8.389123668618454,
        8.437603882782224,
        8.432583784771582,
        8.412901761010913,
        8.41126951375033,
        8.425851845219277,
        8.435137199489052,
        8.34312886243234,
        8.447085895271025,
        8.433337820009093,
        8.426898804975513,
        8.455760564675643,
        8.452196663727818,
        8.436755228024683,
        8.414223676525229,
        8.410300467972638
    ],
    "averageEnvRewards": [
        6.2307719330920825,
        6.9810619771283084,
        7.000962366267256,
        7.371805460266636,
        7.501732098584364,
        7.569853788610529,
        7.53923620867902,
        7.505287579186485,
        7.586929279630061,
        7.622188810335736,
        7.679725756632471,
        7.615239297688773,
        7.6581765809394895,
        7.719763578455539,
        7.714466557598769,
        7.671071504581187,
        7.650585488845004,
        7.646903114407762,
        7.679838826871521,
        7.700735194946119,
        7.670774656042725,
        7.736531016068634,
        7.617514309194769,
        7.707357762328529,
        7.7323029436288175,
        7.6913008929239846,
        7.713953315187338,
        7.74526622328407,
        7.6794285284716945,
        7.714292514272599,
        7.748321801871473,
        7.677427339421008,
        7.663774928160771,
        7.768984895291477,
        7.667936243888329,
        7.6940961427655,
        7.693713959214393,
        7.6588884847254635,
        7.685393962553733,
        7.702927269563121
    ],
    "averageOptimalReward": 8.466090690810343,
    "time": "2022-07-14_16-23"
}