{
    "averageRegrets": [
        1.4004890655679971,
        0.16681985567143978,
        1.4210854715202004e-14,
        0.12570886633348435,
        0.11616587171598117,
        0.04454442775988033,
        0.023476349928953723,
        0.0456464301379113,
        0.05274604106035511,
        0.06664174941367783,
        1.4210854715202004e-14,
        0.01580252573257603,
        1.4210854715202004e-14,
        0.1026707443716324,
        1.4210854715202004e-14,
        0.03712089186215072,
        1.4210854715202004e-14,
        1.4210854715202004e-14,
        1.4210854715202004e-14,
        1.4210854715202004e-14,
        1.4210854715202004e-14,
        1.4210854715202004e-14,
        1.4210854715202004e-14,
        1.4210854715202004e-14,
        0.01580252573257603,
        0.027947838451066378,
        1.4210854715202004e-14,
        0.04454442775988033,
        1.4210854715202004e-14,
        1.4210854715202004e-14,
        1.4210854715202004e-14,
        1.4210854715202004e-14,
        1.4210854715202004e-14,
        1.4210854715202004e-14,
        1.4210854715202004e-14,
        1.4210854715202004e-14,
        1.4210854715202004e-14,
        1.4210854715202004e-14,
        1.4210854715202004e-14,
        1.4210854715202004e-14
    ],
    "averageExpectedRewards": [
        71.47335308294073,
        72.7070222928373,
        72.87384214850871,
        72.74813328217525,
        72.75767627679275,
        72.82929772074885,
        72.85036579857977,
        72.82819571837082,
        72.82109610744837,
        72.80720039909505,
        72.87384214850871,
        72.85803962277616,
        72.87384214850871,
        72.77117140413709,
        72.87384214850871,
        72.83672125664658,
        72.87384214850871,
        72.87384214850871,
        72.87384214850871,
        72.87384214850871,
        72.87384214850871,
        72.87384214850871,
        72.87384214850871,
        72.87384214850871,
        72.85803962277616,
        72.84589431005766,
        72.87384214850871,
        72.82929772074885,
        72.87384214850871,
        72.87384214850871,
        72.87384214850871,
        72.87384214850871,
        72.87384214850871,
        72.87384214850871,
        72.87384214850871,
        72.87384214850871,
        72.87384214850871,
        72.87384214850871,
        72.87384214850871,
        72.87384214850871
    ],
    "averageEnvRewards": [
        69.91512610319427,
        70.88709983639073,
        71.15606638090637,
        71.09231346410849,
        71.21342203731857,
        70.77070658192882,
        71.7550038163062,
        71.88410996398814,
        71.65598109739604,
        70.95235679095978,
        71.65486536674527,
        71.16542920703304,
        70.81903122457175,
        71.8239580549961,
        70.76890822000861,
        70.86542799480472,
        71.77726763585956,
        70.80310301327916,
        72.00652804928333,
        71.84323549233017,
        71.56181911628443,
        71.021016572403,
        72.38868367746458,
        70.89628426833359,
        72.08839352495644,
        71.32125887744613,
        71.72008678619405,
        71.94168300580452,
        70.7645740913588,
        70.85705935931836,
        70.49175177721354,
        71.71784764547957,
        72.44659404477319,
        72.40094234231155,
        71.51141298780288,
        70.92890223199647,
        70.60137514044514,
        72.20214300487388,
        71.47103447498519,
        71.50041570464819
    ],
    "averageOptimalReward": 72.87384214850874,
    "time": "2022-07-14_16-23"
}