{
    "averageRegrets": [
        1.6084029431803628,
        1.8368060403777868,
        1.9029322706879237,
        1.8358132704177585,
        1.726632558648876,
        1.9428548533974472,
        1.7081793979749558,
        1.8330506869375813,
        1.749242565009334,
        1.8258380025936454,
        1.8530322329507396,
        1.770475473589731,
        1.6344146148526617,
        1.7406846941291259,
        1.9203812011511852,
        1.8284101913857214,
        1.729822335405815,
        1.6427932802823575,
        1.7853774684573713,
        1.7866692238810515,
        1.7788320255274945,
        1.7400561076335135,
        1.6026172045914349,
        1.8607691156882151,
        1.7693263246060997,
        1.7449665146522322,
        1.6048139282850353,
        1.8817277815113032,
        1.685384691927698,
        1.8722514327392863
    ],
    "averageExpectedRewards": [
        71.26543920532835,
        71.03703610813092,
        70.9709098778208,
        71.03802887809096,
        71.14720958985986,
        70.93098729511127,
        71.16566275053377,
        71.04079146157113,
        71.12459958349939,
        71.04800414591506,
        71.02080991555799,
        71.10336667491899,
        71.23942753365606,
        71.13315745437959,
        70.95346094735753,
        71.045431957123,
        71.1440198131029,
        71.23104886822635,
        71.08846468005136,
        71.08717292462767,
        71.09501012298122,
        71.13378604087521,
        71.27122494391729,
        71.01307303282049,
        71.10451582390262,
        71.12887563385648,
        71.26902822022367,
        70.99211436699743,
        71.18845745658102,
        71.00159071576944
    ],
    "averageEnvRewards": [
        70.12600543187276,
        69.06371478933569,
        69.22268522570435,
        70.07454200665546,
        69.72618495777323,
        68.82117057689655,
        70.77369421652256,
        69.10486265583292,
        69.91316868907165,
        69.20034309930848,
        69.12323753210728,
        70.557781454072,
        71.69860556414118,
        70.39152315941712,
        69.40339041873354,
        70.75967552274489,
        68.50328138900254,
        70.44824814332453,
        69.31250980086209,
        68.83332000925999,
        69.93428718663675,
        70.51101614201124,
        69.53300856408818,
        70.05412025966073,
        70.13173932814476,
        69.17309050953979,
        70.49002523394542,
        69.76671545675322,
        70.46830968952831,
        69.86791944517935
    ],
    "averageOptimalReward": 72.87384214850873,
    "time": "2022-07-17_15-11"
}