{
    "averageRegrets": [
        0.7921507495357127,
        0.3724686426785698,
        0.29080252299999837,
        0.17316099024999912,
        0.1283255822857135,
        0.10120892853571352,
        0.16408896982142784,
        0.07097540228571393,
        0.13380540192857052,
        0.06993182171428527,
        0.054464947357142454,
        0.06791683246428502,
        0.021296124857142665,
        0.024928221964285572,
        0.021326651178571274,
        0.10315785824999868,
        0.01225615582142848,
        0.046753147071428164,
        0.015251088214285623,
        0.010911520714285628,
        0.1375497263928549,
        0.03837948996428519,
        0.034301101607142524,
        0.04081204232142833,
        0.0056820967499999365,
        0.0265443081071427,
        0.019462798178571276,
        0.037129389321428,
        0.027997085285714186,
        0.04045228992857084,
        0.03519969667857112,
        0.02265749357142845,
        0.04398066578571372,
        0.009317623071428477,
        0.02932018928571413,
        0.02638479342857127,
        0.015628074535714166,
        0.035565747928570944,
        0.022631506071428366,
        0.0055764133928570955
    ],
    "averageExpectedRewards": [
        9.096178964749999,
        9.515861071607143,
        9.597527191285714,
        9.715168724035713,
        9.760004131999999,
        9.78712078575,
        9.724240744464286,
        9.817354311999999,
        9.754524312357141,
        9.818397892571427,
        9.833864766928572,
        9.820412881821428,
        9.86703358942857,
        9.863401492321428,
        9.867003063107141,
        9.785171856035713,
        9.876073558464286,
        9.841576567214286,
        9.873078626071429,
        9.877418193571428,
        9.750779987892855,
        9.849950224321429,
        9.85402861267857,
        9.847517671964285,
        9.882647617535714,
        9.861785406178571,
        9.868866916107143,
        9.851200324964285,
        9.860332629,
        9.847877424357144,
        9.853130017607143,
        9.865672220714286,
        9.8443490485,
        9.879012091214285,
        9.859009525,
        9.861944920857143,
        9.872701639749998,
        9.852763966357143,
        9.865698208214285,
        9.882753300892857
    ],
    "averageEnvRewards": [
        9.250116463007167,
        9.801767311588089,
        9.629140927138183,
        9.648485502496523,
        9.746360056030595,
        9.76312344672808,
        9.873683399051904,
        9.892984541276428,
        9.78093673671221,
        9.773958212329728,
        9.815002747872398,
        9.853054791860073,
        10.083241321386154,
        10.032427283730867,
        9.819125269928973,
        9.909865176906843,
        9.93144353803735,
        9.913821271633456,
        9.89005265558572,
        9.971795117633782,
        9.975414493003433,
        9.968059755524905,
        9.960350422884462,
        9.84353614407906,
        9.937944966859954,
        9.984611341080548,
        9.876237506539976,
        9.920393368589188,
        10.100813606931615,
        9.871196036623044,
        9.907497812827213,
        9.803701977223422,
        9.98724399199837,
        9.958115756301641,
        10.013813265274646,
        9.935314401003103,
        10.059641770682413,
        9.959638091996,
        9.871150555788565,
        9.904481106835616
    ],
    "averageOptimalReward": 9.888329714285714,
    "time": "2022-07-14_16-22"
}