{
    "averageRegrets": [
        0.7733043290611167,
        0.23450904943999962,
        0.07341181890556468,
        0.07728368085453076,
        0.05025093232683562,
        0.058889091389422867,
        0.07563524996463845,
        0.028301783825314866,
        0.0025588600234605517,
        0.0032034486479819435,
        0.0771939002313623,
        0.0003601720248755047,
        0.007483815233942686,
        0.0003601720248755047,
        0.010336648449385031,
        0.08215069367631786,
        0.0033004684869118073,
        0.004261815339370596,
        0.017546739053468752,
        0.011906597564898772,
        0.005953298782449386,
        0.013465675714819315,
        0.011656136889228827,
        0.004170480874496576,
        0.0,
        0.003388402409302502,
        0.0,
        0.004359276421272496,
        0.015714737004215378,
        0.0,
        0.007191699672358078,
        0.048034890294171365,
        0.004502797291183613,
        0.0012130905166522865,
        0.002520319204590917,
        0.0,
        0.0023860847593010705,
        0.0004350424805675068,
        0.005953298782449386,
        0.028101973513993555
    ],
    "averageExpectedRewards": [
        26.71525439113213,
        27.25878550864993,
        27.449046553035274,
        27.469464370704895,
        27.4569997166147,
        27.458715321098666,
        27.398484131984414,
        27.496287119947613,
        27.53107296834428,
        27.537361824349922,
        27.48767644189141,
        27.54186915473455,
        27.51860981576562,
        27.550059371118806,
        27.54194627968911,
        27.48912316571039,
        27.57636924890492,
        27.524239012626477,
        27.561947216973994,
        27.57725120934065,
        27.574082045532485,
        27.55599351596522,
        27.562710903547202,
        27.519451939413237,
        27.567779831988783,
        27.58061648461138,
        27.575759465066685,
        27.558803612152243,
        27.565829492183838,
        27.589854019220674,
        27.578453754817478,
        27.507129956607102,
        27.57429285685698,
        27.583110147676734,
        27.56049678257852,
        27.590198928396177,
        27.582626418076135,
        27.580173315081755,
        27.570954501932285,
        27.559324893549928
    ],
    "averageEnvRewards": [
        26.253368373888705,
        26.94851919233783,
        27.10179090356823,
        27.214630839599486,
        27.51908542386832,
        27.136434193065043,
        27.150790448697386,
        27.46256486759601,
        27.006801844680666,
        27.499385741652944,
        27.198512552806786,
        27.817236594121855,
        27.41779392674978,
        27.69110937764118,
        27.12635041443372,
        27.38016472455121,
        27.33796281092018,
        26.99549633848442,
        27.56038450038009,
        27.25805954784588,
        27.476661118367065,
        27.378987709930488,
        27.415498546934813,
        27.744569898730855,
        27.652253442893116,
        27.327080891234164,
        27.144529549396502,
        27.290633517456172,
        27.55682505878177,
        27.4169035646451,
        27.540198879148594,
        27.03955991670925,
        27.114772211104988,
        27.417660095549685,
        27.57411035458147,
        27.686644838239527,
        27.18510573157066,
        27.33235463180863,
        27.344027490271813,
        27.669190330217734
    ],
    "averageOptimalReward": 27.449999999999992,
    "time": "2022-07-14_16-23"
}