{
    "averageRegrets": [
        1.1902291171250161,
        0.45820637311804047,
        0.3323814245178874,
        0.26252686454425983,
        0.13529280297599888,
        0.11869555567547377,
        0.17195802908462796,
        0.0839308720520731,
        0.16084270678249937,
        0.029120519340751407,
        0.12144068034525919,
        0.14879248966730027,
        0.016131844961052,
        0.086203073527953,
        0.07445141246527262,
        0.06424650385938087,
        0.08669329844814368,
        0.07203850618401036,
        0.040880286287012485,
        0.20995179771699266,
        0.045388767466556866,
        0.09768955405037072,
        0.05743503344345953,
        0.049355744852127154,
        0.016505398443643314,
        7.105427357601002e-15,
        0.08810299724138433,
        0.03964191070244308,
        7.105427357601002e-15,
        0.0056078807071207135,
        7.105427357601002e-15,
        0.07555882968510924,
        0.06008057033017396,
        0.06766540937003013,
        0.1026164430614962,
        0.007532653574858159,
        0.08605972149170911,
        0.0952887980234889,
        7.105427357601002e-15,
        0.008077212873066486
    ],
    "averageExpectedRewards": [
        38.08514973866799,
        38.81717248267496,
        38.942997431275124,
        39.01285199124875,
        39.14008605281701,
        39.156683300117535,
        39.10342082670838,
        39.191447983740936,
        39.11453614901051,
        39.24625833645226,
        39.15393817544775,
        39.12658636612571,
        39.259247010831956,
        39.18917578226505,
        39.200927443327735,
        39.21113235193363,
        39.18868555734486,
        39.203340349609,
        39.234498569505995,
        39.06542705807602,
        39.229990088326446,
        39.17768930174264,
        39.217943822349554,
        39.22602311094088,
        39.25887345734937,
        39.27537885579301,
        39.18727585855162,
        39.235736945090565,
        39.27537885579301,
        39.26977097508589,
        39.27537885579301,
        39.1998200261079,
        39.215298285462836,
        39.20771344642298,
        39.172762412731515,
        39.26784620221815,
        39.18931913430131,
        39.18009005776952,
        39.27537885579301,
        39.267301642919946
    ],
    "averageEnvRewards": [
        37.227113471674365,
        38.00891328540276,
        38.705427613473375,
        38.10615689462363,
        38.858371520427085,
        38.22376695694862,
        38.42659267099732,
        37.94870128492815,
        38.7007609887754,
        38.06414399058134,
        38.476544184679966,
        37.93529042071188,
        38.024483317460586,
        38.52874045680782,
        38.169273158142246,
        38.38821116271457,
        38.06353832371697,
        38.52374926434177,
        38.63807879885299,
        38.26661050592364,
        38.13804569872721,
        38.26580029398681,
        38.54769505430257,
        38.66565945204545,
        38.30844371578724,
        38.27151722069291,
        38.296640912894475,
        38.39933475251055,
        38.46568303046486,
        38.59920061699309,
        38.36414450229185,
        37.78484363889646,
        38.335484499443666,
        38.53250742598883,
        38.19087178269234,
        38.37139277857481,
        38.40480430401873,
        38.07324160857287,
        38.908635940921556,
        38.672809693027745
    ],
    "averageOptimalReward": 39.27537885579301,
    "time": "2022-07-14_16-23"
}