{
    "averageRegrets": [
        0.8549232742380937,
        0.7502243556190458,
        0.7009639009047601,
        0.8105952814761888,
        0.896879125619046,
        0.8386781743809506,
        0.7935215603333318,
        0.806795236571427,
        0.7068409006190463,
        0.7624158496190461,
        0.903327716761903,
        0.7688222239999982,
        0.7658727568095223,
        0.8585591680476172,
        0.8136197820952366,
        0.8301645837619033,
        0.7811397520952365,
        0.8292992744285699,
        0.8651016462857124,
        0.7759382214285699,
        0.8579663063333317,
        0.804438132523808,
        0.8168737574285695,
        0.8045002490952362,
        0.7472600478571413,
        0.8238628932380934,
        0.7274793893809507,
        0.7893366043333315,
        0.7479285280476176,
        0.8080154924285696
    ],
    "averageExpectedRewards": [
        9.033406440047619,
        9.138105358666667,
        9.18736581338095,
        9.077734432809523,
        8.991450588666666,
        9.049651539904762,
        9.09480815395238,
        9.081534477714287,
        9.181488813666665,
        9.125913864666666,
        8.985001997523808,
        9.119507490285715,
        9.12245695747619,
        9.029770546238096,
        9.074709932190475,
        9.05816513052381,
        9.107189962190475,
        9.059030439857143,
        9.023228067999998,
        9.112391492857142,
        9.030363407952382,
        9.083891581761902,
        9.071455956857143,
        9.083829465190474,
        9.14106966642857,
        9.064466821047619,
        9.160850324904763,
        9.09899310995238,
        9.140401186238096,
        9.080314221857144
    ],
    "averageEnvRewards": [
        9.082029932703561,
        9.164848491474991,
        9.254180375788554,
        9.227045658659499,
        8.962218647004466,
        9.068183049829992,
        9.24535904791248,
        9.197142165929241,
        9.272088583181029,
        9.215623820269077,
        9.010506062002626,
        9.28961678773451,
        9.094419346008651,
        9.102806801256978,
        9.099462226214834,
        9.125865693235735,
        9.172917408199206,
        9.108658069750176,
        9.149952513525472,
        9.286545473322057,
        9.156485571981614,
        9.244184471391163,
        9.313347964795824,
        9.098778596669819,
        9.226179011516637,
        9.137371803626401,
        9.098249975917254,
        9.114982423223033,
        9.135859775111967,
        9.141156995710945
    ],
    "averageOptimalReward": 9.888329714285714,
    "time": "2022-07-17_14-50"
}