{
    "averageRegrets": [
        2.060192220051876,
        1.283160949506622,
        1.1317153882001278,
        0.3202991775207238,
        0.24107590878733742,
        0.15160521646277078,
        0.08182713203801759,
        0.10794189420759662,
        0.11647472335428631,
        0.05298990019919099,
        0.05996620218223312,
        0.05321854476797599,
        0.03833175965690454,
        0.145728284422316,
        0.066111318910897,
        0.024662069598649698,
        0.053346750399002094,
        0.086350559687267,
        0.011194833889342162,
        0.04158211992912206,
        0.022655086837046933,
        0.03343549088339508,
        0.04144171336064448,
        0.0601617560539602,
        0.06944577593215755,
        0.043041276291775066,
        0.02981725156720066,
        0.016978533556897803,
        0.0326471274322066,
        0.0,
        0.018964273572022187,
        0.050025685187332095,
        0.0,
        0.008244870840423907,
        0.06180549258506903,
        0.01119296552033233,
        0.008021691602227668,
        0.01939106494523955,
        0.008582408139891182,
        0.005234818721034484
    ],
    "averageExpectedRewards": [
        6.405898470758466,
        7.182929741303719,
        7.334375302610214,
        8.145791513289618,
        8.225014782023004,
        8.314485474347572,
        8.384263558772325,
        8.358148796602746,
        8.349615967456057,
        8.413100790611153,
        8.40612448862811,
        8.412872146042366,
        8.427758931153438,
        8.320362406388027,
        8.399979371899446,
        8.441428621211694,
        8.412743940411342,
        8.379740131123077,
        8.454895856921,
        8.42450857088122,
        8.443435603973295,
        8.432655199926948,
        8.4246489774497,
        8.405928934756382,
        8.396644914878186,
        8.423049414518568,
        8.436273439243143,
        8.449112157253445,
        8.433443563378137,
        8.466090690810343,
        8.447126417238321,
        8.416065005623011,
        8.466090690810343,
        8.45784581996992,
        8.404285198225274,
        8.454897725290012,
        8.458068999208116,
        8.446699625865103,
        8.457508282670453,
        8.460855872089308
    ],
    "averageEnvRewards": [
        6.026833779411769,
        6.782427909168682,
        7.03261064658921,
        7.440287081479701,
        7.5815946722615015,
        7.601675284381204,
        7.643155911968837,
        7.6444258062527455,
        7.604876192560307,
        7.594547880877432,
        7.666539668945136,
        7.744605002960108,
        7.650425533752675,
        7.687294065570401,
        7.728553304725729,
        7.759157942967916,
        7.667841422209503,
        7.6340091111104424,
        7.791374772207475,
        7.663125591430948,
        7.664152004839228,
        7.697156477268636,
        7.673500582166655,
        7.719725711166543,
        7.686764908790321,
        7.739446404118305,
        7.6139226612212045,
        7.676800656505962,
        7.67341387432635,
        7.767954601008814,
        7.645476157713611,
        7.7126220944165675,
        7.745979909654284,
        7.719544588261592,
        7.621108621086073,
        7.713291830363576,
        7.647155954663088,
        7.726952198166287,
        7.721141288745123,
        7.632887940687857
    ],
    "averageOptimalReward": 8.466090690810343,
    "time": "2022-07-14_16-23"
}