{
    "averageRegrets": [
        1.2528982157922535,
        0.19806245735576775,
        0.31933605077870714,
        0.05998305941175085,
        0.03191194580866364,
        0.06843274840902218,
        0.08114734501281211,
        0.05214437397558078,
        0.05109782131716992,
        0.04785558658596635,
        0.0009898033271491258,
        0.003959213308596503,
        0.06531543546169521,
        0.008990766688423779,
        0.028373311255852122,
        0.009980570015572905,
        0.0029694099814473775,
        0.006876953877915657,
        0.11348686805156832,
        0.01632582900299454,
        0.0029694099814473775,
        0.0,
        0.0009898033271491258,
        0.0009898033271491258,
        0.0,
        0.025403901274404745,
        0.0,
        0.013888113912041184,
        0.027569542598145542,
        0.0,
        0.021057779663625827,
        0.0009898033271491258,
        0.016826656561535137,
        0.007918426617193006,
        0.007247700026021224,
        0.0,
        0.006021356706976402,
        0.0,
        0.0,
        0.0009898033271491258
    ],
    "averageExpectedRewards": [
        43.68840100463564,
        44.74323676307212,
        44.62196316964918,
        44.88131616101613,
        44.90938727461922,
        44.87286647201887,
        44.86015187541508,
        44.889154846452314,
        44.89020139911072,
        44.893443633841926,
        44.94030941710074,
        44.93734000711929,
        44.875983784966195,
        44.932308453739466,
        44.91292590917204,
        44.93131865041232,
        44.93832981044645,
        44.93442226654997,
        44.82781235237631,
        44.9249733914249,
        44.93832981044645,
        44.941299220427894,
        44.94030941710074,
        44.94030941710074,
        44.941299220427894,
        44.91589531915348,
        44.941299220427894,
        44.92741110651585,
        44.91372967782974,
        44.941299220427894,
        44.92024144076426,
        44.94030941710074,
        44.92447256386636,
        44.9333807938107,
        44.934051520401866,
        44.941299220427894,
        44.93527786372091,
        44.941299220427894,
        44.941299220427894,
        44.94030941710074
    ],
    "averageEnvRewards": [
        42.09671750320676,
        43.15455047476527,
        43.244182842861825,
        43.26357702015876,
        42.97897291927624,
        43.10557132570408,
        43.2557294435962,
        43.97645733032916,
        43.4282948639218,
        43.244547601946415,
        43.23375334136107,
        43.056818010000335,
        43.128331966511375,
        43.44209869682161,
        43.39519559894867,
        43.44086950451228,
        43.95058341375781,
        42.96386202142734,
        43.02008731108647,
        43.3918973783311,
        43.37936132942634,
        43.37014085350425,
        43.65407355192165,
        43.22556257291999,
        43.81166316193489,
        43.32770896946178,
        43.363059760752414,
        42.904929663854126,
        43.5311587965692,
        43.15028291783365,
        43.43806736387037,
        43.71733787097159,
        43.39251722410154,
        42.82556009190119,
        43.49496458127464,
        43.49432959830625,
        43.102452691582805,
        43.43803440802084,
        43.518530695738164,
        43.325608418355216
    ],
    "averageOptimalReward": 44.941299220427894,
    "time": "2022-07-14_16-22"
}