{
    "averageRegrets": [
        0.7303508628571413,
        0.31344182128571285,
        0.2585841015357132,
        0.17440519592857057,
        0.14827004453571324,
        0.0699581361071424,
        0.09896904842857072,
        0.08957139874999953,
        0.029704833714285565,
        0.06534523457142778,
        0.05602656560714255,
        0.035954524178571125,
        0.05178180532142813,
        0.023167016821428462,
        0.038905024071428346,
        0.05558351667857085,
        0.014701761214285626,
        0.037633150071428104,
        0.030886719999999812,
        0.02700273021428547,
        0.012915566785714198,
        0.019007870035714126,
        0.02886669396428553,
        0.015850210928571317,
        0.010706560428571304,
        0.009352317321428516,
        0.016787940535714196,
        0.019358172035714164,
        0.08940425178571287,
        0.00949071107142848,
        0.018370596214285585,
        0.03138376185714271,
        0.0131696116071428,
        0.009170617071428487,
        0.015506512428571284,
        0.0670039349999996,
        0.0498892639285711,
        0.005671611857142822,
        0.002216073857142833,
        0.011460306428571326
    ],
    "averageExpectedRewards": [
        9.157978851428572,
        9.574887893,
        9.62974561275,
        9.713924518357143,
        9.74005966975,
        9.81837157817857,
        9.789360665857144,
        9.798758315535713,
        9.858624880571428,
        9.822984479714284,
        9.83230314867857,
        9.852375190107143,
        9.836547908964285,
        9.865162697464285,
        9.849424690214287,
        9.832746197607143,
        9.873627953071429,
        9.850696564214285,
        9.857442994285714,
        9.861326984071429,
        9.875414147499999,
        9.869321844249999,
        9.859463020321428,
        9.872479503357143,
        9.877623153857142,
        9.878977396964284,
        9.87154177375,
        9.86897154225,
        9.7989254625,
        9.878839003214287,
        9.869959118071428,
        9.856945952428571,
        9.87516010267857,
        9.879159097214286,
        9.872823201857143,
        9.821325779285715,
        9.838440450357144,
        9.882658102428572,
        9.88611364042857,
        9.876869407857141
    ],
    "averageEnvRewards": [
        9.3249854663912,
        9.614297721701838,
        9.621596402599987,
        9.801677774620016,
        9.807419102758804,
        9.831581410429283,
        9.694848991021178,
        9.813492554963272,
        9.909822275797405,
        9.93385609694263,
        9.83980251199243,
        9.847193440928033,
        9.819230216211661,
        9.869749173026268,
        9.84707763229619,
        9.876674877369716,
        9.886557251675802,
        10.057921653498274,
        9.98836857474992,
        9.93910610207833,
        10.002230572094504,
        9.989005652125783,
        9.954271665727648,
        9.968399762332883,
        9.944108984693212,
        9.995268892943072,
        9.960627588012239,
        9.974189992436179,
        9.875394031963785,
        9.970450132256213,
        9.897616564632935,
        9.90687348631225,
        10.05991902368555,
        9.883925756211218,
        10.070949562661527,
        10.027140420062132,
        9.87720484172877,
        10.022038304950227,
        10.069253628193403,
        9.83302884983791
    ],
    "averageOptimalReward": 9.888329714285714,
    "time": "2022-07-14_16-23"
}