{
    "averageRegrets": [
        1.7890777715829862,
        1.8245134008238328,
        1.7751851027850043,
        1.7351011763777888,
        1.7965569898442209,
        1.729769898461167,
        1.7820858371174828,
        1.824724046876576,
        1.8239175431936125,
        1.823934241868931,
        1.8717912403451147,
        1.95441867670767,
        1.7467103158245587,
        1.9640641551662994,
        1.6628554558353668,
        1.7063503105879767,
        1.6520055740414623,
        1.923131445463987,
        1.6692187961688483,
        1.7323450973360563,
        1.7540284529029733,
        1.7521850459458141,
        1.9693250190800833,
        1.9222719704342013,
        1.7983772604057944,
        1.7510104639686301,
        1.7571392284940415,
        1.882348733621767,
        1.747503319718585,
        1.68915321170642
    ],
    "averageExpectedRewards": [
        71.08476437692573,
        71.04932874768488,
        71.09865704572371,
        71.13874097213093,
        71.07728515866451,
        71.14407225004756,
        71.09175631139124,
        71.04911810163215,
        71.0499246053151,
        71.04990790663979,
        71.00205090816361,
        70.91942347180105,
        71.12713183268416,
        70.9097779933424,
        71.21098669267334,
        71.16749183792074,
        71.22183657446726,
        70.95071070304472,
        71.20462335233987,
        71.14149705117266,
        71.11981369560574,
        71.1216571025629,
        70.90451712942864,
        70.95157017807452,
        71.07546488810291,
        71.12283168454009,
        71.11670292001467,
        70.99149341488693,
        71.12633882879013,
        71.18468893680229
    ],
    "averageEnvRewards": [
        69.8233101655337,
        70.3015360312856,
        69.20529825430224,
        70.1968265148119,
        69.31416131363325,
        70.53225721873746,
        70.62841860765714,
        68.98175437776607,
        68.41930794820927,
        69.5899970797965,
        68.01988932778588,
        69.97555632246636,
        70.04822408595105,
        68.2602464507967,
        69.64124691537494,
        69.31442060063641,
        70.99807803244306,
        69.63202740891386,
        70.28503865838701,
        70.6393305744628,
        70.16745479461665,
        69.47671720026,
        68.22608945491106,
        68.95188595574267,
        69.91941906771453,
        69.64582093934055,
        70.51432594572431,
        70.08817264319414,
        69.16827652594375,
        69.64148213423934
    ],
    "averageOptimalReward": 72.87384214850873,
    "time": "2022-07-17_14-50"
}