{
    "averageRegrets": [
        0.6462367421661236,
        0.2044727120790177,
        0.10908400960125579,
        0.08584720525986224,
        0.07799060602530741,
        0.05034252608377887,
        0.07907483262268988,
        0.012049721667700224,
        0.009737735983990161,
        0.0411143779708492,
        0.0025212041741285328,
        0.012344071159543706,
        0.008439452947533156,
        0.02812458896165636,
        0.0012302569860105183,
        0.0376782018277541,
        0.0,
        0.04099405329356971,
        0.07737446998687185,
        0.021730138640537754,
        0.05080486461172337,
        0.0007952145054430115,
        0.0,
        0.00316623404162196,
        0.010022905250521052,
        0.01733248982840462,
        0.0003601720248755047,
        0.0015159997981660568,
        0.0,
        0.0,
        0.0,
        0.004337127038034634,
        0.0003601720248755047,
        0.0038310239566924763,
        0.0,
        0.0020852767240234103,
        0.0007952145054430115,
        0.0,
        0.0,
        0.0011930423796505352
    ],
    "averageExpectedRewards": [
        26.830309541582736,
        27.320936971965256,
        27.42593807044238,
        27.416623537571226,
        27.435514910527537,
        27.476746350498658,
        27.449658821511402,
        27.51149014153618,
        27.543475348796697,
        27.473516249221873,
        27.509927133142128,
        27.545061468170005,
        27.545453859237952,
        27.540417234004455,
        27.509523509026717,
        27.471927551915854,
        27.58027248562407,
        27.515566070359274,
        27.486106216050402,
        27.524942888171253,
        27.498659489001266,
        27.560465830970998,
        27.586779037917093,
        27.568047258500755,
        27.561449856932168,
        27.471161182932903,
        27.564160099647815,
        27.555278747162337,
        27.564675649409295,
        27.58881929169418,
        27.589164200869682,
        27.568564762432853,
        27.57954668667609,
        27.564150019981344,
        27.589164200869682,
        27.588446326628336,
        27.58389045362899,
        27.58950911004518,
        27.56336609576947,
        27.579394597435066
    ],
    "averageEnvRewards": [
        26.814754225304622,
        27.122830868814628,
        27.161917219663664,
        26.90991983449395,
        27.55617614178199,
        27.114763958121365,
        27.549561969656132,
        27.62894248648899,
        27.440218861423265,
        27.084001864235244,
        27.495552623982494,
        27.175777499222125,
        27.287354280758827,
        27.465423089310626,
        27.316674696078827,
        27.08476847121321,
        27.366572826152005,
        27.45572941595034,
        27.212654521589617,
        27.45276218794821,
        27.243843379443916,
        27.17229419146621,
        27.043563416081177,
        27.537637020311127,
        27.148054483486344,
        27.344498550128442,
        27.20891526787602,
        27.587666598025955,
        27.64966074104098,
        27.598300125303222,
        27.578724452780378,
        27.366558417643535,
        27.407491285852238,
        27.223981116629176,
        27.306329406603396,
        27.6658130338545,
        27.201563808638912,
        27.456196278977533,
        27.25711550597956,
        27.260126061448464
    ],
    "averageOptimalReward": 27.449999999999992,
    "time": "2022-07-14_16-22"
}